{
  "format": "panels_2d",
  "nodes": [
    [
      1.0,
      -0.3,
      0.0
    ],
    [
      1.0,
      -0.18,
      0.0
    ],
    [
      1.0,
      -0.06,
      0.0
    ],
    [
      1.0,
      0.06,
      0.0
    ],
    [
      1.0,
      0.18,
      0.0
    ],
    [
      1.0,
      0.3,
      0.0
    ],
    [
      0.9847759065022574,
      0.37653668647301797,
      0.0
    ],
    [
      0.9414213562373096,
      0.4414213562373095,
      0.0
    ],
    [
      0.876536686473018,
      0.4847759065022573,
      0.0
    ],
    [
      0.8,
      0.5,
      0.0
    ],
    [
      0.48000000000000004,
      0.5,
      0.0
    ],
    [
      0.16000000000000003,
      0.5,
      0.0
    ],
    [
      -0.15999999999999992,
      0.5,
      0.0
    ],
    [
      -0.48,
      0.5,
      0.0
    ],
    [
      -0.8,
      0.5,
      0.0
    ],
    [
      -0.876536686473018,
      0.4847759065022573,
      0.0
    ],
    [
      -0.9414213562373095,
      0.4414213562373095,
      0.0
    ],
    [
      -0.9847759065022574,
      0.37653668647301797,
      0.0
    ],
    [
      -1.0,
      0.3,
      0.0
    ],
    [
      -1.0,
      0.18,
      0.0
    ],
    [
      -1.0,
      0.06,
      0.0
    ],
    [
      -1.0,
      -0.06,
      0.0
    ],
    [
      -1.0,
      -0.18,
      0.0
    ],
    [
      -1.0,
      -0.3,
      0.0
    ],
    [
      -0.9847759065022574,
      -0.3765366864730179,
      0.0
    ],
    [
      -0.9414213562373096,
      -0.4414213562373095,
      0.0
    ],
    [
      -0.8765366864730181,
      -0.4847759065022573,
      0.0
    ],
    [
      -0.8,
      -0.5,
      0.0
    ],
    [
      -0.48000000000000004,
      -0.5,
      0.0
    ],
    [
      -0.16000000000000003,
      -0.5,
      0.0
    ],
    [
      0.15999999999999992,
      -0.5,
      0.0
    ],
    [
      0.48,
      -0.5,
      0.0
    ],
    [
      0.8,
      -0.5,
      0.0
    ],
    [
      0.8765366864730181,
      -0.4847759065022573,
      0.0
    ],
    [
      0.9414213562373095,
      -0.4414213562373095,
      0.0
    ],
    [
      0.9847759065022573,
      -0.3765366864730181,
      0.0
    ]
  ],
  "panels": [
    [
      0,
      1
    ],
    [
      1,
      2
    ],
    [
      2,
      3
    ],
    [
      3,
      4
    ],
    [
      4,
      5
    ],
    [
      5,
      6
    ],
    [
      6,
      7
    ],
    [
      7,
      8
    ],
    [
      8,
      9
    ],
    [
      9,
      10
    ],
    [
      10,
      11
    ],
    [
      11,
      12
    ],
    [
      12,
      13
    ],
    [
      13,
      14
    ],
    [
      14,
      15
    ],
    [
      15,
      16
    ],
    [
      16,
      17
    ],
    [
      17,
      18
    ],
    [
      18,
      19
    ],
    [
      19,
      20
    ],
    [
      20,
      21
    ],
    [
      21,
      22
    ],
    [
      22,
      23
    ],
    [
      23,
      24
    ],
    [
      24,
      25
    ],
    [
      25,
      26
    ],
    [
      26,
      27
    ],
    [
      27,
      28
    ],
    [
      28,
      29
    ],
    [
      29,
      30
    ],
    [
      30,
      31
    ],
    [
      31,
      32
    ],
    [
      32,
      33
    ],
    [
      33,
      34
    ],
    [
      34,
      35
    ],
    [
      35,
      0
    ]
  ],
  "normal_direction": "outward"
}