ISO-10303-21;
HEADER;
FILE_DESCRIPTION (( 'STEP AP203' ),
    '1' );
FILE_NAME ('casing_backup.STEP',
    '2026-05-13T16:22:39',
    ( '' ),
    ( '' ),
    'SwSTEP 2.0',
    'SolidWorks 2023',
    '' );
FILE_SCHEMA (( 'CONFIG_CONTROL_DESIGN' ));
ENDSEC;

DATA;
#1 = EDGE_CURVE ( 'NONE', #138, #1427, #951, .T. ) ;
#2 = CARTESIAN_POINT ( 'NONE',  ( 254.9999999999999432, 45.00000000000000000, -120.0000000000000000 ) ) ;
#3 = DIRECTION ( 'NONE',  ( -0.000000000000000000, -0.000000000000000000, -1.000000000000000000 ) ) ;
#4 = DIRECTION ( 'NONE',  ( 1.000000000000000000, 0.000000000000000000, -4.625929269271485914E-16 ) ) ;
#5 = PRODUCT_DEFINITION ( 'UNKNOWN', '', #962, #1460 ) ;
#6 = FACE_OUTER_BOUND ( 'NONE', #1439, .T. ) ;
#7 = ORIENTED_EDGE ( 'NONE', *, *, #1307, .T. ) ;
#8 = ADVANCED_FACE ( 'NONE', ( #808 ), #1149, .F. ) ;
#9 = CARTESIAN_POINT ( 'NONE',  ( 254.9999999999999432, 45.00000000000000000, -120.0000000000000000 ) ) ;
#10 = DIRECTION ( 'NONE',  ( 1.000000000000000000, -0.000000000000000000, -0.000000000000000000 ) ) ;
#11 = DIRECTION ( 'NONE',  ( -1.000000000000000000, 0.000000000000000000, -0.000000000000000000 ) ) ;
#12 = CARTESIAN_POINT ( 'NONE',  ( 254.9999999999999432, 45.00000000000000000, -255.0000000000000000 ) ) ;
#13 = PLANE ( 'NONE',  #1277 ) ;
#14 = VERTEX_POINT ( 'NONE', #369 ) ;
#15 = AXIS2_PLACEMENT_3D ( 'NONE', #819, #4, #1309 ) ;
#16 = VECTOR ( 'NONE', #855, 1000.000000000000000 ) ;
#17 = CARTESIAN_POINT ( 'NONE',  ( 142.3000000000000114, 15.00000000000000000, -268.0000000000000000 ) ) ;
#18 = CARTESIAN_POINT ( 'NONE',  ( 0.000000000000000000, 0.000000000000000000, -358.0000000000000000 ) ) ;
#19 = AXIS2_PLACEMENT_3D ( 'NONE', #1001, #1093, #1100 ) ;
#20 = FACE_OUTER_BOUND ( 'NONE', #844, .T. ) ;
#21 = CARTESIAN_POINT ( 'NONE',  ( 219.9999999999999716, 45.00000000000000000, -120.0000000000000000 ) ) ;
#22 = CARTESIAN_POINT ( 'NONE',  ( 149.9999999999999716, 186.0000000000000000, -243.1000000000000227 ) ) ;
#23 = ADVANCED_FACE ( 'NONE', ( #125 ), #26, .F. ) ;
#24 = ORIENTED_EDGE ( 'NONE', *, *, #847, .T. ) ;
#25 = EDGE_CURVE ( 'NONE', #306, #34, #107, .T. ) ;
#26 = PLANE ( 'NONE',  #186 ) ;
#27 = CARTESIAN_POINT ( 'NONE',  ( 417.0000000000000000, 5.000000000000000000, 0.000000000000000000 ) ) ;
#28 = DIRECTION ( 'NONE',  ( 0.000000000000000000, 0.000000000000000000, 1.000000000000000000 ) ) ;
#29 = PLANE ( 'NONE',  #1015 ) ;
#30 = DIRECTION ( 'NONE',  ( 0.000000000000000000, -1.000000000000000000, 0.000000000000000000 ) ) ;
#31 = EDGE_CURVE ( 'NONE', #37, #309, #464, .T. ) ;
#32 = ORIENTED_EDGE ( 'NONE', *, *, #686, .F. ) ;
#33 = DIRECTION ( 'NONE',  ( -0.000000000000000000, -1.000000000000000000, -0.000000000000000000 ) ) ;
#34 = VERTEX_POINT ( 'NONE', #232 ) ;
#35 = FACE_OUTER_BOUND ( 'NONE', #301, .T. ) ;
#36 = CARTESIAN_POINT ( 'NONE',  ( -343.0359176866663802, 180.9999999999999432, -353.0000000000000000 ) ) ;
#37 = VERTEX_POINT ( 'NONE', #9 ) ;
#38 = AXIS2_PLACEMENT_3D ( 'NONE', #1150, #1348, #902 ) ;
#39 = VECTOR ( 'NONE', #263, 1000.000000000000000 ) ;
#40 = ORIENTED_EDGE ( 'NONE', *, *, #509, .F. ) ;
#41 = FACE_OUTER_BOUND ( 'NONE', #187, .T. ) ;
#42 = CARTESIAN_POINT ( 'NONE',  ( 269.9999999999999432, 15.00000000000000000, -268.0000000000000000 ) ) ;
#43 = VERTEX_POINT ( 'NONE', #1165 ) ;
#44 = VERTEX_POINT ( 'NONE', #711 ) ;
#45 = DIRECTION ( 'NONE',  ( -0.000000000000000000, -1.000000000000000000, -0.000000000000000000 ) ) ;
#46 = LINE ( 'NONE', #165, #1299 ) ;
#47 = CARTESIAN_POINT ( 'NONE',  ( 0.000000000000000000, 5.000000000000000000, 0.000000000000000000 ) ) ;
#48 = LINE ( 'NONE', #305, #471 ) ;
#49 = ORIENTED_EDGE ( 'NONE', *, *, #839, .F. ) ;
#50 = ORIENTED_EDGE ( 'NONE', *, *, #1387, .F. ) ;
#51 = ORIENTED_EDGE ( 'NONE', *, *, #990, .T. ) ;
#52 = DIRECTION ( 'NONE',  ( 0.000000000000000000, 1.000000000000000000, -0.000000000000000000 ) ) ;
#53 = CARTESIAN_POINT ( 'NONE',  ( 249.9999999999999147, 45.00000000000000000, -255.0000000000000000 ) ) ;
#54 = ORIENTED_EDGE ( 'NONE', *, *, #529, .F. ) ;
#55 = CC_DESIGN_DATE_AND_TIME_ASSIGNMENT ( #342, #201, ( #694 ) ) ;
#56 = CLOSED_SHELL ( 'NONE', ( #143, #1054, #705, #810, #488, #231, #1366, #602, #1045, #461, #949, #415, #1056, #971, #965, #133, #381, #23, #8, #1303, #433, #922, #1186, #495, #300, #1414, #337, #170, #109, #650, #543, #1190, #159, #405, #1364, #1153, #184, #978, #1163, #565, #695, #967, #560, #672, #612, #235, #421, #1393 ) ) ;
#57 = ORIENTED_EDGE ( 'NONE', *, *, #929, .F. ) ;
#58 = VECTOR ( 'NONE', #142, 1000.000000000000000 ) ;
#59 = AXIS2_PLACEMENT_3D ( 'NONE', #1362, #804, #566 ) ;
#60 = EDGE_CURVE ( 'NONE', #325, #394, #586, .T. ) ;
#61 = FACE_OUTER_BOUND ( 'NONE', #1456, .T. ) ;
#62 = CARTESIAN_POINT ( 'NONE',  ( 5.000000000000000000, 186.0000000000000000, -5.000000000000000000 ) ) ;
#63 = CC_DESIGN_APPROVAL ( #1139, ( #962 ) ) ;
#64 = LINE ( 'NONE', #625, #398 ) ;
#65 = VECTOR ( 'NONE', #592, 1000.000000000000000 ) ;
#66 = ORIENTED_EDGE ( 'NONE', *, *, #1258, .F. ) ;
#67 = VERTEX_POINT ( 'NONE', #119 ) ;
#68 = EDGE_CURVE ( 'NONE', #1082, #750, #924, .T. ) ;
#69 = FACE_OUTER_BOUND ( 'NONE', #518, .T. ) ;
#70 = LINE ( 'NONE', #554, #939 ) ;
#71 = FACE_OUTER_BOUND ( 'NONE', #913, .T. ) ;
#72 = FACE_BOUND ( 'NONE', #1069, .T. ) ;
#73 = CARTESIAN_POINT ( 'NONE',  ( 249.9999999999999147, 45.00000000000000000, -255.0000000000000000 ) ) ;
#74 = EDGE_LOOP ( 'NONE', ( #851, #800, #40, #492 ) ) ;
#75 = EDGE_CURVE ( 'NONE', #988, #606, #581, .T. ) ;
#76 = DIRECTION ( 'NONE',  ( 0.000000000000000000, 1.000000000000000000, 0.000000000000000000 ) ) ;
#77 = VERTEX_POINT ( 'NONE', #1391 ) ;
#78 = ORIENTED_EDGE ( 'NONE', *, *, #836, .T. ) ;
#79 = LINE ( 'NONE', #1291, #90 ) ;
#80 = LINE ( 'NONE', #788, #1180 ) ;
#81 = LINE ( 'NONE', #1138, #665 ) ;
#82 = CALENDAR_DATE ( 2026, 13, 5 ) ;
#83 = ORIENTED_EDGE ( 'NONE', *, *, #853, .T. ) ;
#84 = VERTEX_POINT ( 'NONE', #1051 ) ;
#85 = APPLICATION_CONTEXT ( 'configuration controlled 3d designs of mechanical parts and assemblies' ) ;
#86 = VERTEX_POINT ( 'NONE', #935 ) ;
#87 = CARTESIAN_POINT ( 'NONE',  ( 249.9999999999999432, 15.00000000000000000, -120.0000000000000000 ) ) ;
#88 = EDGE_CURVE ( 'NONE', #34, #102, #247, .T. ) ;
#89 = CC_DESIGN_PERSON_AND_ORGANIZATION_ASSIGNMENT ( #321, #564, ( #694 ) ) ;
#90 = VECTOR ( 'NONE', #370, 1000.000000000000000 ) ;
#91 = LINE ( 'NONE', #670, #1344 ) ;
#92 = DATE_AND_TIME ( #428, #866 ) ;
#93 = VECTOR ( 'NONE', #1000, 1000.000000000000000 ) ;
#94 = CARTESIAN_POINT ( 'NONE',  ( 9.999999999999921840, 15.00000000000000000, -268.0000000000000000 ) ) ;
#95 = CIRCLE ( 'NONE', #1424, 43.10000000000000142 ) ;
#96 = EDGE_LOOP ( 'NONE', ( #1068, #1284, #745, #437 ) ) ;
#97 = ORIENTED_EDGE ( 'NONE', *, *, #1080, .F. ) ;
#98 = DIRECTION ( 'NONE',  ( 1.000000000000000000, 0.000000000000000000, 0.000000000000000000 ) ) ;
#99 = DIRECTION ( 'NONE',  ( -0.000000000000000000, 0.000000000000000000, 1.000000000000000000 ) ) ;
#100 = PRODUCT ( 'casing_backup', 'casing_backup', '', ( #1042 ) ) ;
#101 = ORIENTED_EDGE ( 'NONE', *, *, #384, .T. ) ;
#102 = VERTEX_POINT ( 'NONE', #1060 ) ;
#103 = PLANE ( 'NONE',  #639 ) ;
#104 = DIRECTION ( 'NONE',  ( -1.000000000000000000, 0.000000000000000000, 0.000000000000000000 ) ) ;
#105 = VERTEX_POINT ( 'NONE', #17 ) ;
#106 = DIRECTION ( 'NONE',  ( 1.000000000000000000, 0.000000000000000000, -2.055968564120660023E-16 ) ) ;
#107 = LINE ( 'NONE', #698, #1182 ) ;
#108 = DIRECTION ( 'NONE',  ( 2.935685882422288853E-16, 0.000000000000000000, 1.000000000000000000 ) ) ;
#109 = ADVANCED_FACE ( 'NONE', ( #472 ), #1405, .F. ) ;
#110 = APPLICATION_PROTOCOL_DEFINITION ( 'international standard', 'config_control_design', 1994, #85 ) ;
#111 = EDGE_CURVE ( 'NONE', #1170, #510, #568, .T. ) ;
#112 = VECTOR ( 'NONE', #3, 1000.000000000000000 ) ;
#113 = CARTESIAN_POINT ( 'NONE',  ( 5.000000000000000000, 5.000000000000000000, -353.0000000000000000 ) ) ;
#114 = VECTOR ( 'NONE', #1293, 1000.000000000000000 ) ;
#115 = ORIENTED_EDGE ( 'NONE', *, *, #874, .F. ) ;
#116 = APPROVAL_PERSON_ORGANIZATION ( #439, #1430, #895 ) ;
#117 = VECTOR ( 'NONE', #918, 1000.000000000000000 ) ;
#118 = EDGE_CURVE ( 'NONE', #230, #998, #719, .T. ) ;
#119 = CARTESIAN_POINT ( 'NONE',  ( 9.999999999999998224, 5.000000000000000000, -8.000000000000007105 ) ) ;
#120 = CARTESIAN_POINT ( 'NONE',  ( 234.9999999999999716, 45.00000000000000000, -120.0000000000000000 ) ) ;
#121 = CARTESIAN_POINT ( 'NONE',  ( 219.9999999999999432, 45.00000000000000000, -255.0000000000000000 ) ) ;
#122 = DIRECTION ( 'NONE',  ( 0.000000000000000000, -0.000000000000000000, -1.000000000000000000 ) ) ;
#123 = ORIENTED_EDGE ( 'NONE', *, *, #1143, .F. ) ;
#124 = EDGE_CURVE ( 'NONE', #463, #614, #1384, .T. ) ;
#125 = FACE_OUTER_BOUND ( 'NONE', #1336, .T. ) ;
#126 = DIRECTION ( 'NONE',  ( 0.000000000000000000, 1.000000000000000000, 0.000000000000000000 ) ) ;
#127 = CARTESIAN_POINT ( 'NONE',  ( 219.9999999999999432, 15.00000000000000000, -255.0000000000000000 ) ) ;
#128 = CARTESIAN_POINT ( 'NONE',  ( 159.9999999999999716, 180.9999999999999432, -20.00000000000000000 ) ) ;
#129 = FACE_OUTER_BOUND ( 'NONE', #1457, .T. ) ;
#130 = EDGE_LOOP ( 'NONE', ( #204, #1118, #896, #1175 ) ) ;
#131 = CARTESIAN_POINT ( 'NONE',  ( 224.9999999999999716, 45.00000000000000000, -255.0000000000000000 ) ) ;
#132 = CARTESIAN_POINT ( 'NONE',  ( 219.9999999999999432, 45.00000000000000000, -255.0000000000000000 ) ) ;
#133 = ADVANCED_FACE ( 'NONE', ( #151 ), #618, .F. ) ;
#134 = DIRECTION ( 'NONE',  ( -0.000000000000000000, -1.000000000000000000, -0.000000000000000000 ) ) ;
#135 = EDGE_CURVE ( 'NONE', #998, #1170, #806, .T. ) ;
#136 = DIRECTION ( 'NONE',  ( 0.000000000000000000, -1.000000000000000000, 0.000000000000000000 ) ) ;
#137 = CARTESIAN_POINT ( 'NONE',  ( 239.9999999999999716, 15.00000000000000000, -255.0000000000000000 ) ) ;
#138 = VERTEX_POINT ( 'NONE', #1174 ) ;
#139 = AXIS2_PLACEMENT_3D ( 'NONE', #993, #974, #624 ) ;
#140 = VERTEX_POINT ( 'NONE', #137 ) ;
#141 = VECTOR ( 'NONE', #1335, 1000.000000000000000 ) ;
#142 = DIRECTION ( 'NONE',  ( -1.000000000000000000, -0.000000000000000000, -0.000000000000000000 ) ) ;
#143 = ADVANCED_FACE ( 'NONE', ( #1409 ), #264, .F. ) ;
#144 = DIRECTION ( 'NONE',  ( 0.000000000000000000, 1.000000000000000000, 0.000000000000000000 ) ) ;
#145 = DIRECTION ( 'NONE',  ( -0.000000000000000000, -1.000000000000000000, -0.000000000000000000 ) ) ;
#146 = DIRECTION ( 'NONE',  ( 1.000000000000000000, 0.000000000000000000, -0.000000000000000000 ) ) ;
#147 = ORIENTED_EDGE ( 'NONE', *, *, #384, .F. ) ;
#148 = CARTESIAN_POINT ( 'NONE',  ( 270.0000000000000000, 5.000000000000000000, -8.000000000000007105 ) ) ;
#149 = LINE ( 'NONE', #1187, #864 ) ;
#150 = DIRECTION ( 'NONE',  ( 0.000000000000000000, -0.000000000000000000, 1.000000000000000000 ) ) ;
#151 = FACE_OUTER_BOUND ( 'NONE', #1278, .T. ) ;
#152 = ORIENTED_EDGE ( 'NONE', *, *, #836, .F. ) ;
#153 = ORIENTED_EDGE ( 'NONE', *, *, #88, .T. ) ;
#154 = DIRECTION ( 'NONE',  ( 0.000000000000000000, 0.000000000000000000, 1.000000000000000000 ) ) ;
#155 = MANIFOLD_SOLID_BREP ( 'Cut-Extrude3', #56 ) ;
#156 = DIRECTION ( 'NONE',  ( 1.000000000000000000, 0.000000000000000000, 0.000000000000000000 ) ) ;
#157 = CARTESIAN_POINT ( 'NONE',  ( 219.9999999999999432, 15.00000000000000000, -255.0000000000000000 ) ) ;
#158 = ORIENTED_EDGE ( 'NONE', *, *, #1089, .F. ) ;
#159 = ADVANCED_FACE ( 'NONE', ( #484 ), #611, .F. ) ;
#160 = VECTOR ( 'NONE', #99, 1000.000000000000000 ) ;
#161 = VECTOR ( 'NONE', #150, 1000.000000000000000 ) ;
#162 = APPLICATION_CONTEXT ( 'configuration controlled 3d designs of mechanical parts and assemblies' ) ;
#163 = ORIENTED_EDGE ( 'NONE', *, *, #717, .F. ) ;
#164 = LINE ( 'NONE', #736, #763 ) ;
#165 = CARTESIAN_POINT ( 'NONE',  ( 149.9999999999999716, 307.9052090765607659, -156.9000000000000057 ) ) ;
#166 = CARTESIAN_POINT ( 'NONE',  ( 39.99999999999995737, 11.29437251522846708, -20.00000000000000000 ) ) ;
#167 = CARTESIAN_POINT ( 'NONE',  ( 149.9999999999999716, 180.9999999999999432, -243.1000000000000227 ) ) ;
#168 = ORIENTED_EDGE ( 'NONE', *, *, #124, .T. ) ;
#169 = ORIENTED_EDGE ( 'NONE', *, *, #656, .F. ) ;
#170 = ADVANCED_FACE ( 'NONE', ( #313 ), #635, .F. ) ;
#171 = ORIENTED_EDGE ( 'NONE', *, *, #1339, .T. ) ;
#172 = CARTESIAN_POINT ( 'NONE',  ( 39.99999999999995737, 186.0000000000000000, -20.00000000000000000 ) ) ;
#173 = LINE ( 'NONE', #1092, #1475 ) ;
#174 = CARTESIAN_POINT ( 'NONE',  ( 0.000000000000000000, -0.000000000000000000, -195.0000000000000000 ) ) ;
#175 = VERTEX_POINT ( 'NONE', #647 ) ;
#176 = ORIENTED_EDGE ( 'NONE', *, *, #897, .F. ) ;
#177 = EDGE_CURVE ( 'NONE', #955, #1082, #506, .T. ) ;
#178 = VERTEX_POINT ( 'NONE', #410 ) ;
#179 = CARTESIAN_POINT ( 'NONE',  ( -343.0359176866663802, 180.9999999999999432, 0.000000000000000000 ) ) ;
#180 = EDGE_CURVE ( 'NONE', #407, #750, #1108, .T. ) ;
#181 = CARTESIAN_POINT ( 'NONE',  ( 249.9999999999999147, 15.00000000000000000, -255.0000000000000000 ) ) ;
#182 = PLANE ( 'NONE',  #867 ) ;
#183 = ORIENTED_EDGE ( 'NONE', *, *, #1263, .T. ) ;
#184 = ADVANCED_FACE ( 'NONE', ( #71 ), #182, .F. ) ;
#185 = ORIENTED_EDGE ( 'NONE', *, *, #1077, .T. ) ;
#186 = AXIS2_PLACEMENT_3D ( 'NONE', #131, #1296, #479 ) ;
#187 = EDGE_LOOP ( 'NONE', ( #1468, #674, #979, #633 ) ) ;
#188 = VECTOR ( 'NONE', #347, 1000.000000000000000 ) ;
#189 = CARTESIAN_POINT ( 'NONE',  ( 0.000000000000000000, 15.00000000000000000, 0.000000000000000000 ) ) ;
#190 = EDGE_CURVE ( 'NONE', #497, #1474, #1437, .T. ) ;
#191 = VECTOR ( 'NONE', #759, 1000.000000000000000 ) ;
#192 = CARTESIAN_POINT ( 'NONE',  ( 142.3000000000000398, 5.000000000000000000, -353.0000000000000000 ) ) ;
#193 = DIRECTION ( 'NONE',  ( 0.000000000000000000, 0.000000000000000000, 1.000000000000000000 ) ) ;
#194 = VECTOR ( 'NONE', #1463, 1000.000000000000000 ) ;
#195 =( NAMED_UNIT ( * ) PLANE_ANGLE_UNIT ( ) SI_UNIT ( $, .RADIAN. ) );
#196 = ORIENTED_EDGE ( 'NONE', *, *, #814, .T. ) ;
#197 = ORIENTED_EDGE ( 'NONE', *, *, #1077, .F. ) ;
#198 = LINE ( 'NONE', #915, #544 ) ;
#199 = DIRECTION ( 'NONE',  ( -0.000000000000000000, -1.000000000000000000, -0.000000000000000000 ) ) ;
#200 = CARTESIAN_POINT ( 'NONE',  ( 234.9999999999999716, 45.00000000000000000, -120.0000000000000000 ) ) ;
#201 = DATE_TIME_ROLE ( 'classification_date' ) ;
#202 = ORIENTED_EDGE ( 'NONE', *, *, #1349, .F. ) ;
#203 = PLANE ( 'NONE',  #59 ) ;
#204 = ORIENTED_EDGE ( 'NONE', *, *, #177, .F. ) ;
#205 = APPROVAL ( #678, 'UNSPECIFIED' ) ;
#206 = ORIENTED_EDGE ( 'NONE', *, *, #1316, .T. ) ;
#207 = DIRECTION ( 'NONE',  ( -0.000000000000000000, -0.000000000000000000, -1.000000000000000000 ) ) ;
#208 = LINE ( 'NONE', #241, #1039 ) ;
#209 = DIRECTION ( 'NONE',  ( 0.000000000000000000, 0.000000000000000000, 1.000000000000000000 ) ) ;
#210 = CARTESIAN_POINT ( 'NONE',  ( 149.9999999999999716, 15.00000000000000000, -200.0000000000000000 ) ) ;
#211 = ORIENTED_EDGE ( 'NONE', *, *, #1418, .F. ) ;
#212 = ORIENTED_EDGE ( 'NONE', *, *, #227, .T. ) ;
#213 = DIRECTION ( 'NONE',  ( 0.000000000000000000, -1.000000000000000000, 0.000000000000000000 ) ) ;
#214 = VECTOR ( 'NONE', #366, 1000.000000000000000 ) ;
#215 = CARTESIAN_POINT ( 'NONE',  ( 219.9999999999999716, 45.00000000000000000, -120.0000000000000000 ) ) ;
#216 = PERSON_AND_ORGANIZATION_ROLE ( 'creator' ) ;
#217 = VECTOR ( 'NONE', #1285, 1000.000000000000000 ) ;
#218 = DIRECTION ( 'NONE',  ( 1.000000000000000000, 0.000000000000000000, -0.000000000000000000 ) ) ;
#219 = AXIS2_PLACEMENT_3D ( 'NONE', #1371, #328, #229 ) ;
#220 = ORIENTED_EDGE ( 'NONE', *, *, #964, .T. ) ;
#221 = VERTEX_POINT ( 'NONE', #200 ) ;
#222 = CARTESIAN_POINT ( 'NONE',  ( 224.9999999999999716, 15.00000000000000000, -120.0000000000000000 ) ) ;
#223 = APPROVAL_DATE_TIME ( #1152, #1139 ) ;
#224 = DIRECTION ( 'NONE',  ( 0.000000000000000000, 0.000000000000000000, 1.000000000000000000 ) ) ;
#225 = ORIENTED_EDGE ( 'NONE', *, *, #785, .F. ) ;
#226 = FACE_OUTER_BOUND ( 'NONE', #1197, .T. ) ;
#227 = EDGE_CURVE ( 'NONE', #704, #230, #1462, .T. ) ;
#228 = CARTESIAN_POINT ( 'NONE',  ( 234.9999999999999432, 45.00000000000000000, -255.0000000000000000 ) ) ;
#229 = DIRECTION ( 'NONE',  ( 1.000000000000000000, 0.000000000000000000, 0.000000000000000000 ) ) ;
#230 = VERTEX_POINT ( 'NONE', #861 ) ;
#231 = ADVANCED_FACE ( 'NONE', ( #653 ), #528, .T. ) ;
#232 = CARTESIAN_POINT ( 'NONE',  ( 5.000000000000000000, 105.0000000000000142, -353.0000000000000000 ) ) ;
#233 = DIRECTION ( 'NONE',  ( -1.000000000000000000, -0.000000000000000000, -0.000000000000000000 ) ) ;
#234 = CARTESIAN_POINT ( 'NONE',  ( 1.170762339984869499E-14, 5.000000000000000000, -262.3999999999999773 ) ) ;
#235 = ADVANCED_FACE ( 'NONE', ( #521 ), #983, .F. ) ;
#236 = VECTOR ( 'NONE', #546, 1000.000000000000000 ) ;
#237 = CARTESIAN_POINT ( 'NONE',  ( 5.000000000000000000, 186.0000000000000000, -353.0000000000000000 ) ) ;
#238 = VECTOR ( 'NONE', #933, 1000.000000000000000 ) ;
#239 = VERTEX_POINT ( 'NONE', #278 ) ;
#240 = DIRECTION ( 'NONE',  ( 1.000000000000000000, 0.000000000000000000, -0.000000000000000000 ) ) ;
#241 = CARTESIAN_POINT ( 'NONE',  ( 160.3222456700906662, 71.00000000000000000, -195.0000000000000000 ) ) ;
#242 = DIRECTION ( 'NONE',  ( -1.000000000000000000, -0.000000000000000000, -0.000000000000000000 ) ) ;
#243 = CARTESIAN_POINT ( 'NONE',  ( 417.0000000000000000, 186.0000000000000000, -358.0000000000000000 ) ) ;
#244 = DIRECTION ( 'NONE',  ( 1.000000000000000000, 0.000000000000000000, -2.935685882422288853E-16 ) ) ;
#245 = FACE_OUTER_BOUND ( 'NONE', #406, .T. ) ;
#246 = VERTEX_POINT ( 'NONE', #1452 ) ;
#247 = LINE ( 'NONE', #706, #65 ) ;
#248 = LINE ( 'NONE', #774, #692 ) ;
#249 = EDGE_CURVE ( 'NONE', #988, #687, #304, .T. ) ;
#250 = CARTESIAN_POINT ( 'NONE',  ( 149.9999999999999716, 45.00000000000000000, -200.0000000000000000 ) ) ;
#251 = LINE ( 'NONE', #113, #1063 ) ;
#252 = ORIENTED_EDGE ( 'NONE', *, *, #1274, .F. ) ;
#253 = ORIENTED_EDGE ( 'NONE', *, *, #1037, .T. ) ;
#254 = CARTESIAN_POINT ( 'NONE',  ( 412.0000000000000000, 186.0000000000000000, -353.0000000000000000 ) ) ;
#255 = LINE ( 'NONE', #1055, #620 ) ;
#256 = PLANE ( 'NONE',  #1134 ) ;
#257 = ORIENTED_EDGE ( 'NONE', *, *, #341, .F. ) ;
#258 = AXIS2_PLACEMENT_3D ( 'NONE', #859, #1319, #287 ) ;
#259 = VECTOR ( 'NONE', #1052, 1000.000000000000000 ) ;
#260 = LOCAL_TIME ( 21, 52, 39.00000000000000000, #654 ) ;
#261 = DIRECTION ( 'NONE',  ( 0.000000000000000000, 0.000000000000000000, -1.000000000000000000 ) ) ;
#262 = FACE_OUTER_BOUND ( 'NONE', #424, .T. ) ;
#263 = DIRECTION ( 'NONE',  ( 2.055968564120660023E-16, 0.000000000000000000, 1.000000000000000000 ) ) ;
#264 = CYLINDRICAL_SURFACE ( 'NONE', #331, 43.10000000000000142 ) ;
#265 = ORIENTED_EDGE ( 'NONE', *, *, #1487, .T. ) ;
#266 = DIRECTION ( 'NONE',  ( 0.000000000000000000, 0.000000000000000000, -1.000000000000000000 ) ) ;
#267 = EDGE_CURVE ( 'NONE', #138, #632, #1218, .T. ) ;
#268 = VERTEX_POINT ( 'NONE', #1224 ) ;
#269 = EDGE_CURVE ( 'NONE', #1464, #1124, #1203, .T. ) ;
#270 = PLANE ( 'NONE',  #571 ) ;
#271 = LINE ( 'NONE', #296, #283 ) ;
#272 = ORIENTED_EDGE ( 'NONE', *, *, #1295, .T. ) ;
#273 = CC_DESIGN_PERSON_AND_ORGANIZATION_ASSIGNMENT ( #1244, #684, ( #100 ) ) ;
#274 = VERTEX_POINT ( 'NONE', #53 ) ;
#275 = ORIENTED_EDGE ( 'NONE', *, *, #1008, .T. ) ;
#276 = PLANE ( 'NONE',  #1013 ) ;
#277 = DIRECTION ( 'NONE',  ( -1.000000000000000000, 0.000000000000000000, 0.000000000000000000 ) ) ;
#278 = CARTESIAN_POINT ( 'NONE',  ( 9.999999999999923617, 5.000000000000000000, -262.3999999999999773 ) ) ;
#279 = EDGE_CURVE ( 'NONE', #1485, #1440, #95, .T. ) ;
#280 = DIRECTION ( 'NONE',  ( 1.000000000000000000, 0.000000000000000000, 0.000000000000000000 ) ) ;
#281 = ORIENTED_EDGE ( 'NONE', *, *, #68, .T. ) ;
#282 = AXIS2_PLACEMENT_3D ( 'NONE', #1064, #959, #28 ) ;
#283 = VECTOR ( 'NONE', #491, 1000.000000000000000 ) ;
#284 = LOCAL_TIME ( 21, 52, 39.00000000000000000, #456 ) ;
#285 = VECTOR ( 'NONE', #1314, 1000.000000000000000 ) ;
#286 = ORIENTED_EDGE ( 'NONE', *, *, #1098, .T. ) ;
#287 = DIRECTION ( 'NONE',  ( 2.312964634635742957E-16, 0.000000000000000000, 1.000000000000000000 ) ) ;
#288 = LINE ( 'NONE', #617, #161 ) ;
#289 = CARTESIAN_POINT ( 'NONE',  ( 5.000000000000000000, 186.0000000000000000, -5.000000000000000000 ) ) ;
#290 = EDGE_LOOP ( 'NONE', ( #957, #676, #1012, #413 ) ) ;
#291 = ORIENTED_EDGE ( 'NONE', *, *, #529, .T. ) ;
#292 = EDGE_CURVE ( 'NONE', #86, #799, #738, .T. ) ;
#293 = VERTEX_POINT ( 'NONE', #1328 ) ;
#294 = DIRECTION ( 'NONE',  ( 0.000000000000000000, 0.000000000000000000, 1.000000000000000000 ) ) ;
#295 = EDGE_CURVE ( 'NONE', #606, #615, #513, .T. ) ;
#296 = CARTESIAN_POINT ( 'NONE',  ( 234.9999999999999432, 15.00000000000000000, -255.0000000000000000 ) ) ;
#297 = CARTESIAN_POINT ( 'NONE',  ( 0.000000000000000000, -0.000000000000000000, -65.00000000000000000 ) ) ;
#298 = DIRECTION ( 'NONE',  ( -2.055968564120660023E-16, 0.000000000000000000, -1.000000000000000000 ) ) ;
#299 = VERTEX_POINT ( 'NONE', #1031 ) ;
#300 = ADVANCED_FACE ( 'NONE', ( #1491 ), #779, .T. ) ;
#301 = EDGE_LOOP ( 'NONE', ( #934, #458, #1177, #863 ) ) ;
#302 = CARTESIAN_POINT ( 'NONE',  ( 0.000000000000000000, 186.0000000000000000, 0.000000000000000000 ) ) ;
#303 = CARTESIAN_POINT ( 'NONE',  ( 5.000000000000004441, 71.00000000000000000, 0.000000000000000000 ) ) ;
#304 = LINE ( 'NONE', #753, #642 ) ;
#305 = CARTESIAN_POINT ( 'NONE',  ( 234.9999999999999716, 45.00000000000000000, -120.0000000000000000 ) ) ;
#306 = VERTEX_POINT ( 'NONE', #1351 ) ;
#307 = ORIENTED_EDGE ( 'NONE', *, *, #1196, .T. ) ;
#308 = VECTOR ( 'NONE', #45, 1000.000000000000000 ) ;
#309 = VERTEX_POINT ( 'NONE', #573 ) ;
#310 = AXIS2_PLACEMENT_3D ( 'NONE', #94, #1476, #218 ) ;
#311 = LINE ( 'NONE', #1490, #236 ) ;
#312 = DIRECTION ( 'NONE',  ( -0.000000000000000000, 1.000000000000000000, -0.000000000000000000 ) ) ;
#313 = FACE_OUTER_BOUND ( 'NONE', #1028, .T. ) ;
#314 = ORIENTED_EDGE ( 'NONE', *, *, #1033, .F. ) ;
#315 = EDGE_CURVE ( 'NONE', #881, #485, #1144, .T. ) ;
#316 = ORIENTED_EDGE ( 'NONE', *, *, #118, .T. ) ;
#317 = ORIENTED_EDGE ( 'NONE', *, *, #378, .T. ) ;
#318 = LINE ( 'NONE', #1018, #841 ) ;
#319 = CARTESIAN_POINT ( 'NONE',  ( 417.0000000000000000, 5.000000000000000000, -358.0000000000000000 ) ) ;
#320 = DIRECTION ( 'NONE',  ( -1.000000000000000000, -0.000000000000000000, -0.000000000000000000 ) ) ;
#321 = PERSON_AND_ORGANIZATION ( #755, #547 ) ;
#322 = EDGE_LOOP ( 'NONE', ( #740, #317, #900, #508 ) ) ;
#323 = CARTESIAN_POINT ( 'NONE',  ( 39.99999999999992895, 180.9999999999999432, -140.0000000000000000 ) ) ;
#324 = ORIENTED_EDGE ( 'NONE', *, *, #279, .F. ) ;
#325 = VERTEX_POINT ( 'NONE', #1481 ) ;
#326 = CARTESIAN_POINT ( 'NONE',  ( 160.3222456700906662, 156.0000000000000000, -195.0000000000000000 ) ) ;
#327 = LINE ( 'NONE', #1250, #986 ) ;
#328 = DIRECTION ( 'NONE',  ( 0.000000000000000000, 0.000000000000000000, 1.000000000000000000 ) ) ;
#329 = ORIENTED_EDGE ( 'NONE', *, *, #1080, .T. ) ;
#330 = FACE_OUTER_BOUND ( 'NONE', #1034, .T. ) ;
#331 = AXIS2_PLACEMENT_3D ( 'NONE', #834, #30, #727 ) ;
#332 = AXIS2_PLACEMENT_3D ( 'NONE', #302, #854, #294 ) ;
#333 = DIRECTION ( 'NONE',  ( -0.000000000000000000, 0.000000000000000000, 1.000000000000000000 ) ) ;
#334 = CARTESIAN_POINT ( 'NONE',  ( 0.000000000000000000, 186.0000000000000000, 0.000000000000000000 ) ) ;
#335 = AXIS2_PLACEMENT_3D ( 'NONE', #527, #796, #1358 ) ;
#336 = ORIENTED_EDGE ( 'NONE', *, *, #877, .F. ) ;
#337 = ADVANCED_FACE ( 'NONE', ( #661 ), #903, .F. ) ;
#338 = ORIENTED_EDGE ( 'NONE', *, *, #668, .T. ) ;
#339 = DIRECTION ( 'NONE',  ( 0.000000000000000000, 1.000000000000000000, 0.000000000000000000 ) ) ;
#340 = LINE ( 'NONE', #802, #1087 ) ;
#341 = EDGE_CURVE ( 'NONE', #43, #239, #1359, .T. ) ;
#342 = DATE_AND_TIME ( #1352, #1113 ) ;
#343 = ORIENTED_EDGE ( 'NONE', *, *, #31, .F. ) ;
#344 = DIRECTION ( 'NONE',  ( -2.135044278125300850E-16, -0.000000000000000000, -1.000000000000000000 ) ) ;
#345 = EDGE_CURVE ( 'NONE', #86, #955, #909, .T. ) ;
#346 = EDGE_LOOP ( 'NONE', ( #1110, #1466, #314, #286 ) ) ;
#347 = DIRECTION ( 'NONE',  ( -0.000000000000000000, -0.000000000000000000, -1.000000000000000000 ) ) ;
#348 = LINE ( 'NONE', #811, #354 ) ;
#349 = PERSON_AND_ORGANIZATION ( #755, #547 ) ;
#350 = ORIENTED_EDGE ( 'NONE', *, *, #1411, .F. ) ;
#351 = ORIENTED_EDGE ( 'NONE', *, *, #177, .T. ) ;
#352 = LINE ( 'NONE', #132, #889 ) ;
#353 = DIRECTION ( 'NONE',  ( 1.000000000000000000, 0.000000000000000000, 0.000000000000000000 ) ) ;
#354 = VECTOR ( 'NONE', #320, 1000.000000000000000 ) ;
#355 = LINE ( 'NONE', #1304, #545 ) ;
#356 = CIRCLE ( 'NONE', #1201, 43.10000000000000142 ) ;
#357 = ORIENTED_EDGE ( 'NONE', *, *, #509, .T. ) ;
#358 = CC_DESIGN_PERSON_AND_ORGANIZATION_ASSIGNMENT ( #349, #812, ( #962 ) ) ;
#359 = VECTOR ( 'NONE', #1496, 1000.000000000000000 ) ;
#360 = ORIENTED_EDGE ( 'NONE', *, *, #1459, .F. ) ;
#361 = LINE ( 'NONE', #825, #217 ) ;
#362 = CARTESIAN_POINT ( 'NONE',  ( 9.999999999999921840, 15.00000000000000000, -268.0000000000000000 ) ) ;
#363 = ORIENTED_EDGE ( 'NONE', *, *, #990, .F. ) ;
#364 = EDGE_LOOP ( 'NONE', ( #1220, #776, #1312, #163 ) ) ;
#365 = CARTESIAN_POINT ( 'NONE',  ( 224.9999999999999716, 15.00000000000000000, -255.0000000000000000 ) ) ;
#366 = DIRECTION ( 'NONE',  ( -0.000000000000000000, -1.000000000000000000, -0.000000000000000000 ) ) ;
#367 = PLANE ( 'NONE',  #865 ) ;
#368 = ORIENTED_EDGE ( 'NONE', *, *, #1233, .F. ) ;
#369 = CARTESIAN_POINT ( 'NONE',  ( 142.3000000000000114, 105.0000000000000142, -262.3999999999999773 ) ) ;
#370 = DIRECTION ( 'NONE',  ( -0.000000000000000000, -1.000000000000000000, -0.000000000000000000 ) ) ;
#371 = LINE ( 'NONE', #12, #214 ) ;
#372 = DIRECTION ( 'NONE',  ( 0.000000000000000000, 1.000000000000000000, 0.000000000000000000 ) ) ;
#373 = EDGE_LOOP ( 'NONE', ( #1029, #158, #585, #1240 ) ) ;
#374 = VECTOR ( 'NONE', #1287, 1000.000000000000000 ) ;
#375 = EDGE_CURVE ( 'NONE', #412, #1014, #539, .T. ) ;
#376 = VECTOR ( 'NONE', #667, 1000.000000000000000 ) ;
#377 = AXIS2_PLACEMENT_3D ( 'NONE', #723, #266, #1059 ) ;
#378 = EDGE_CURVE ( 'NONE', #687, #615, #348, .T. ) ;
#379 = ORIENTED_EDGE ( 'NONE', *, *, #874, .T. ) ;
#380 = FACE_OUTER_BOUND ( 'NONE', #1343, .T. ) ;
#381 = ADVANCED_FACE ( 'NONE', ( #1010 ), #693, .F. ) ;
#382 = DIRECTION ( 'NONE',  ( -1.000000000000000000, 0.000000000000000000, -0.000000000000000000 ) ) ;
#383 = ORIENTED_EDGE ( 'NONE', *, *, #1033, .T. ) ;
#384 = EDGE_CURVE ( 'NONE', #1124, #615, #81, .T. ) ;
#385 = ORIENTED_EDGE ( 'NONE', *, *, #1467, .T. ) ;
#386 = DIRECTION ( 'NONE',  ( 0.000000000000000000, -0.000000000000000000, 1.000000000000000000 ) ) ;
#387 = LINE ( 'NONE', #726, #720 ) ;
#388 = DIRECTION ( 'NONE',  ( 0.000000000000000000, 0.000000000000000000, 1.000000000000000000 ) ) ;
#389 = ORIENTED_EDGE ( 'NONE', *, *, #717, .T. ) ;
#390 = ORIENTED_EDGE ( 'NONE', *, *, #315, .F. ) ;
#391 = PLANE ( 'NONE',  #258 ) ;
#392 = CARTESIAN_POINT ( 'NONE',  ( 160.3222456700906662, 0.000000000000000000, -65.00000000000000000 ) ) ;
#393 = CARTESIAN_POINT ( 'NONE',  ( 0.000000000000000000, 0.000000000000000000, 0.000000000000000000 ) ) ;
#394 = VERTEX_POINT ( 'NONE', #1471 ) ;
#395 = VECTOR ( 'NONE', #1300, 1000.000000000000000 ) ;
#396 = EDGE_CURVE ( 'NONE', #44, #988, #1130, .T. ) ;
#397 = VECTOR ( 'NONE', #1350, 1000.000000000000000 ) ;
#398 = VECTOR ( 'NONE', #857, 1000.000000000000000 ) ;
#399 = ORIENTED_EDGE ( 'NONE', *, *, #1008, .F. ) ;
#400 = PLANE ( 'NONE',  #1441 ) ;
#401 = DIRECTION ( 'NONE',  ( -0.000000000000000000, -1.000000000000000000, -0.000000000000000000 ) ) ;
#402 = DIRECTION ( 'NONE',  ( -0.000000000000000000, -1.000000000000000000, -0.000000000000000000 ) ) ;
#403 = LINE ( 'NONE', #1323, #1399 ) ;
#404 = ORIENTED_EDGE ( 'NONE', *, *, #1106, .T. ) ;
#405 = ADVANCED_FACE ( 'NONE', ( #555 ), #797, .F. ) ;
#406 = EDGE_LOOP ( 'NONE', ( #257, #253, #1347, #1146, #171, #115, #775, #658, #1206, #875 ) ) ;
#407 = VERTEX_POINT ( 'NONE', #609 ) ;
#408 = FACE_BOUND ( 'NONE', #96, .T. ) ;
#409 = DIRECTION ( 'NONE',  ( -0.000000000000000000, -1.000000000000000000, -0.000000000000000000 ) ) ;
#410 = CARTESIAN_POINT ( 'NONE',  ( 417.0000000000000000, 186.0000000000000000, -358.0000000000000000 ) ) ;
#411 = CARTESIAN_POINT ( 'NONE',  ( 239.9999999999999716, 15.00000000000000000, -120.0000000000000000 ) ) ;
#412 = VERTEX_POINT ( 'NONE', #832 ) ;
#413 = ORIENTED_EDGE ( 'NONE', *, *, #1338, .T. ) ;
#414 = FACE_BOUND ( 'NONE', #1140, .T. ) ;
#415 = ADVANCED_FACE ( 'NONE', ( #826 ), #725, .T. ) ;
#416 = LINE ( 'NONE', #427, #1255 ) ;
#417 = CARTESIAN_POINT ( 'NONE',  ( 149.9999999999999716, 180.9999999999999432, -200.0000000000000000 ) ) ;
#418 = DIRECTION ( 'NONE',  ( -1.000000000000000000, -0.000000000000000000, -0.000000000000000000 ) ) ;
#419 = ORIENTED_EDGE ( 'NONE', *, *, #1455, .T. ) ;
#420 = ORIENTED_EDGE ( 'NONE', *, *, #1210, .T. ) ;
#421 = ADVANCED_FACE ( 'NONE', ( #35 ), #1048, .F. ) ;
#422 = EDGE_CURVE ( 'NONE', #1169, #299, #1341, .T. ) ;
#423 = VECTOR ( 'NONE', #1167, 1000.000000000000000 ) ;
#424 = EDGE_LOOP ( 'NONE', ( #503, #1022, #542, #49 ) ) ;
#425 = AXIS2_PLACEMENT_3D ( 'NONE', #1057, #1416, #584 ) ;
#426 = CARTESIAN_POINT ( 'NONE',  ( 142.3000000000000114, 105.0000000000000142, -358.0000000000000000 ) ) ;
#427 = CARTESIAN_POINT ( 'NONE',  ( 142.3000000000000398, 186.0000000000000000, -353.0000000000000000 ) ) ;
#428 = CALENDAR_DATE ( 2026, 13, 5 ) ;
#429 = ORIENTED_EDGE ( 'NONE', *, *, #451, .T. ) ;
#430 = EDGE_LOOP ( 'NONE', ( #83, #524, #350, #183 ) ) ;
#431 = ORIENTED_EDGE ( 'NONE', *, *, #641, .T. ) ;
#432 = LINE ( 'NONE', #454, #741 ) ;
#433 = ADVANCED_FACE ( 'NONE', ( #1281 ), #932, .F. ) ;
#434 = LINE ( 'NONE', #1234, #597 ) ;
#435 = DIRECTION ( 'NONE',  ( 0.000000000000000000, 1.000000000000000000, 0.000000000000000000 ) ) ;
#436 = COORDINATED_UNIVERSAL_TIME_OFFSET ( 5, 30, .AHEAD. ) ;
#437 = ORIENTED_EDGE ( 'NONE', *, *, #1484, .F. ) ;
#438 = DIRECTION ( 'NONE',  ( 0.000000000000000000, -0.000000000000000000, 1.000000000000000000 ) ) ;
#439 = PERSON_AND_ORGANIZATION ( #755, #547 ) ;
#440 = ORIENTED_EDGE ( 'NONE', *, *, #897, .T. ) ;
#441 = EDGE_CURVE ( 'NONE', #1464, #606, #149, .T. ) ;
#442 = EDGE_CURVE ( 'NONE', #274, #175, #255, .T. ) ;
#443 = ORIENTED_EDGE ( 'NONE', *, *, #111, .T. ) ;
#444 = CARTESIAN_POINT ( 'NONE',  ( 159.9999999999999432, 186.0000000000000000, -140.0000000000000000 ) ) ;
#445 = AXIS2_PLACEMENT_3D ( 'NONE', #250, #134, #594 ) ;
#446 = CARTESIAN_POINT ( 'NONE',  ( 0.000000000000000000, 45.00000000000000000, 0.000000000000000000 ) ) ;
#447 = VECTOR ( 'NONE', #505, 1000.000000000000000 ) ;
#448 = DIRECTION ( 'NONE',  ( 0.000000000000000000, 0.000000000000000000, 1.000000000000000000 ) ) ;
#449 = CC_DESIGN_APPROVAL ( #205, ( #694 ) ) ;
#450 = VERTEX_POINT ( 'NONE', #121 ) ;
#451 = EDGE_CURVE ( 'NONE', #293, #559, #371, .T. ) ;
#452 = DIRECTION ( 'NONE',  ( 2.055968564120660023E-16, 0.000000000000000000, 1.000000000000000000 ) ) ;
#453 = DIRECTION ( 'NONE',  ( -0.000000000000000000, -1.000000000000000000, -0.000000000000000000 ) ) ;
#454 = CARTESIAN_POINT ( 'NONE',  ( 9.999999999999998224, 5.000000000000000000, -8.000000000000007105 ) ) ;
#455 = DIRECTION ( 'NONE',  ( -1.000000000000000000, 0.000000000000000000, -0.000000000000000000 ) ) ;
#456 = COORDINATED_UNIVERSAL_TIME_OFFSET ( 5, 30, .AHEAD. ) ;
#457 = LINE ( 'NONE', #237, #238 ) ;
#458 = ORIENTED_EDGE ( 'NONE', *, *, #762, .T. ) ;
#459 = CARTESIAN_POINT ( 'NONE',  ( 160.3222456700906662, 156.0000000000000000, -65.00000000000000000 ) ) ;
#460 = DIRECTION ( 'NONE',  ( 1.000000000000000000, 0.000000000000000000, -0.000000000000000000 ) ) ;
#461 = ADVANCED_FACE ( 'NONE', ( #380 ), #947, .F. ) ;
#462 = DIRECTION ( 'NONE',  ( -0.000000000000000000, -1.000000000000000000, -0.000000000000000000 ) ) ;
#463 = VERTEX_POINT ( 'NONE', #840 ) ;
#464 = LINE ( 'NONE', #2, #1041 ) ;
#465 = PLANE ( 'NONE',  #377 ) ;
#466 = LINE ( 'NONE', #809, #516 ) ;
#467 = CARTESIAN_POINT ( 'NONE',  ( 219.9999999999999716, 15.00000000000000000, -120.0000000000000000 ) ) ;
#468 = VECTOR ( 'NONE', #1498, 1000.000000000000000 ) ;
#469 = VECTOR ( 'NONE', #145, 1000.000000000000000 ) ;
#470 = VERTEX_POINT ( 'NONE', #128 ) ;
#471 = VECTOR ( 'NONE', #280, 1000.000000000000000 ) ;
#472 = FACE_OUTER_BOUND ( 'NONE', #1283, .T. ) ;
#473 = DIRECTION ( 'NONE',  ( -0.000000000000000000, -1.000000000000000000, -0.000000000000000000 ) ) ;
#474 = PLANE ( 'NONE',  #1256 ) ;
#475 = CARTESIAN_POINT ( 'NONE',  ( 0.000000000000000000, 0.000000000000000000, 0.000000000000000000 ) ) ;
#476 = DIRECTION ( 'NONE',  ( 0.000000000000000000, 0.000000000000000000, -1.000000000000000000 ) ) ;
#477 = DIRECTION ( 'NONE',  ( 1.000000000000000000, 0.000000000000000000, 0.000000000000000000 ) ) ;
#478 = EDGE_LOOP ( 'NONE', ( #1289, #343, #626, #1046 ) ) ;
#479 = DIRECTION ( 'NONE',  ( 0.000000000000000000, 0.000000000000000000, 1.000000000000000000 ) ) ;
#480 = ADVANCED_BREP_SHAPE_REPRESENTATION ( 'casing_backup', ( #155, #219 ), #1229 ) ;
#481 = DIRECTION ( 'NONE',  ( 2.055968564120660023E-16, 0.000000000000000000, 1.000000000000000000 ) ) ;
#482 = CARTESIAN_POINT ( 'NONE',  ( 142.3000000000000114, 105.0000000000000142, -262.3999999999999773 ) ) ;
#483 = CARTESIAN_POINT ( 'NONE',  ( 142.3000000000000114, 15.00000000000000000, -268.0000000000000000 ) ) ;
#484 = FACE_OUTER_BOUND ( 'NONE', #430, .T. ) ;
#485 = VERTEX_POINT ( 'NONE', #589 ) ;
#486 = EDGE_CURVE ( 'NONE', #614, #666, #1292, .T. ) ;
#487 = CARTESIAN_POINT ( 'NONE',  ( 0.000000000000000000, 0.000000000000000000, 0.000000000000000000 ) ) ;
#488 = ADVANCED_FACE ( 'NONE', ( #262 ), #846, .T. ) ;
#489 = VERTEX_POINT ( 'NONE', #603 ) ;
#490 = DIRECTION ( 'NONE',  ( -2.935685882422288853E-16, 0.000000000000000000, -1.000000000000000000 ) ) ;
#491 = DIRECTION ( 'NONE',  ( 2.055968564120660023E-16, 0.000000000000000000, 1.000000000000000000 ) ) ;
#492 = ORIENTED_EDGE ( 'NONE', *, *, #820, .T. ) ;
#493 = VECTOR ( 'NONE', #1120, 1000.000000000000000 ) ;
#494 = AXIS2_PLACEMENT_3D ( 'NONE', #1482, #905, #1237 ) ;
#495 = ADVANCED_FACE ( 'NONE', ( #1422 ), #270, .F. ) ;
#496 = AXIS2_PLACEMENT_3D ( 'NONE', #1380, #1026, #1472 ) ;
#497 = VERTEX_POINT ( 'NONE', #475 ) ;
#498 = CARTESIAN_POINT ( 'NONE',  ( 0.000000000000000000, 156.0000000000000000, -65.00000000000000000 ) ) ;
#499 = FACE_OUTER_BOUND ( 'NONE', #322, .T. ) ;
#500 = DIRECTION ( 'NONE',  ( 1.000000000000000000, 0.000000000000000000, 0.000000000000000000 ) ) ;
#501 =( NAMED_UNIT ( * ) SI_UNIT ( $, .STERADIAN. ) SOLID_ANGLE_UNIT ( ) );
#502 = EDGE_LOOP ( 'NONE', ( #942, #1356, #1404, #873 ) ) ;
#503 = ORIENTED_EDGE ( 'NONE', *, *, #784, .F. ) ;
#504 = FACE_OUTER_BOUND ( 'NONE', #502, .T. ) ;
#505 = DIRECTION ( 'NONE',  ( -0.000000000000000000, -1.000000000000000000, -0.000000000000000000 ) ) ;
#506 = LINE ( 'NONE', #879, #1302 ) ;
#507 =( LENGTH_UNIT ( ) NAMED_UNIT ( * ) SI_UNIT ( .MILLI., .METRE. ) );
#508 = ORIENTED_EDGE ( 'NONE', *, *, #75, .F. ) ;
#509 = EDGE_CURVE ( 'NONE', #84, #996, #715, .T. ) ;
#510 = VERTEX_POINT ( 'NONE', #940 ) ;
#511 = LINE ( 'NONE', #1450, #308 ) ;
#512 = DIRECTION ( 'NONE',  ( 0.000000000000000000, 0.000000000000000000, 1.000000000000000000 ) ) ;
#513 = LINE ( 'NONE', #297, #767 ) ;
#514 = ORIENTED_EDGE ( 'NONE', *, *, #807, .T. ) ;
#515 = VECTOR ( 'NONE', #789, 1000.000000000000000 ) ;
#516 = VECTOR ( 'NONE', #1185, 1000.000000000000000 ) ;
#517 = VECTOR ( 'NONE', #1368, 1000.000000000000000 ) ;
#518 = EDGE_LOOP ( 'NONE', ( #1421, #101, #643, #734 ) ) ;
#519 = PLANE ( 'NONE',  #595 ) ;
#520 = FACE_OUTER_BOUND ( 'NONE', #1221, .T. ) ;
#521 = FACE_OUTER_BOUND ( 'NONE', #1215, .T. ) ;
#522 = LINE ( 'NONE', #73, #141 ) ;
#523 = VERTEX_POINT ( 'NONE', #1181 ) ;
#524 = ORIENTED_EDGE ( 'NONE', *, *, #1106, .F. ) ;
#525 = ORIENTED_EDGE ( 'NONE', *, *, #1455, .F. ) ;
#526 = DIRECTION ( 'NONE',  ( 0.000000000000000000, 1.000000000000000000, 0.000000000000000000 ) ) ;
#527 = CARTESIAN_POINT ( 'NONE',  ( 149.9999999999999716, 180.9999999999999432, -200.0000000000000000 ) ) ;
#528 = PLANE ( 'NONE',  #1230 ) ;
#529 = EDGE_CURVE ( 'NONE', #14, #704, #1071, .T. ) ;
#530 = DIRECTION ( 'NONE',  ( 0.000000000000000000, 0.000000000000000000, 1.000000000000000000 ) ) ;
#531 = ORIENTED_EDGE ( 'NONE', *, *, #442, .F. ) ;
#532 = CARTESIAN_POINT ( 'NONE',  ( 249.9999999999999432, 45.00000000000000000, -120.0000000000000000 ) ) ;
#533 = EDGE_CURVE ( 'NONE', #632, #1317, #953, .T. ) ;
#534 = VERTEX_POINT ( 'NONE', #1193 ) ;
#535 = ORIENTED_EDGE ( 'NONE', *, *, #1484, .T. ) ;
#536 = PLANE ( 'NONE',  #1156 ) ;
#537 = EDGE_CURVE ( 'NONE', #1141, #799, #731, .T. ) ;
#538 = LINE ( 'NONE', #646, #191 ) ;
#539 = LINE ( 'NONE', #228, #515 ) ;
#540 = APPROVAL_DATE_TIME ( #1361, #1430 ) ;
#541 = ORIENTED_EDGE ( 'NONE', *, *, #269, .F. ) ;
#542 = ORIENTED_EDGE ( 'NONE', *, *, #60, .T. ) ;
#543 = ADVANCED_FACE ( 'NONE', ( #1340, #623, #1326 ), #616, .T. ) ;
#544 = VECTOR ( 'NONE', #108, 1000.000000000000000 ) ;
#545 = VECTOR ( 'NONE', #703, 1000.000000000000000 ) ;
#546 = DIRECTION ( 'NONE',  ( -1.000000000000000000, -0.000000000000000000, -0.000000000000000000 ) ) ;
#547 = ORGANIZATION ( 'UNSPECIFIED', 'UNSPECIFIED', '' ) ;
#548 = AXIS2_PLACEMENT_3D ( 'NONE', #1195, #1305, #146 ) ;
#549 = LINE ( 'NONE', #303, #914 ) ;
#550 = DIRECTION ( 'NONE',  ( -1.000000000000000000, -0.000000000000000000, -0.000000000000000000 ) ) ;
#551 = SHAPE_DEFINITION_REPRESENTATION ( #1365, #480 ) ;
#552 = ORIENTED_EDGE ( 'NONE', *, *, #675, .T. ) ;
#553 = DIRECTION ( 'NONE',  ( -0.000000000000000000, -0.000000000000000000, -1.000000000000000000 ) ) ;
#554 = CARTESIAN_POINT ( 'NONE',  ( 39.99999999999992895, 11.29437251522846708, -140.0000000000000000 ) ) ;
#555 = FACE_OUTER_BOUND ( 'NONE', #1355, .T. ) ;
#556 = PLANE ( 'NONE',  #496 ) ;
#557 = APPROVAL_ROLE ( '' ) ;
#558 = EDGE_CURVE ( 'NONE', #274, #963, #628, .T. ) ;
#559 = VERTEX_POINT ( 'NONE', #644 ) ;
#560 = ADVANCED_FACE ( 'NONE', ( #1458, #869, #41 ), #276, .F. ) ;
#561 = ORIENTED_EDGE ( 'NONE', *, *, #375, .T. ) ;
#562 = DIRECTION ( 'NONE',  ( -1.000000000000000000, -0.000000000000000000, -0.000000000000000000 ) ) ;
#563 = DIRECTION ( 'NONE',  ( 0.000000000000000000, 0.000000000000000000, 1.000000000000000000 ) ) ;
#564 = PERSON_AND_ORGANIZATION_ROLE ( 'classification_officer' ) ;
#565 = ADVANCED_FACE ( 'NONE', ( #69 ), #519, .F. ) ;
#566 = DIRECTION ( 'NONE',  ( 0.000000000000000000, -0.000000000000000000, -1.000000000000000000 ) ) ;
#567 = EDGE_LOOP ( 'NONE', ( #389, #1454, #627, #835 ) ) ;
#568 = LINE ( 'NONE', #1073, #1017 ) ;
#569 = ORIENTED_EDGE ( 'NONE', *, *, #60, .F. ) ;
#570 = LINE ( 'NONE', #651, #1036 ) ;
#571 = AXIS2_PLACEMENT_3D ( 'NONE', #702, #1168, #1394 ) ;
#572 = VECTOR ( 'NONE', #550, 1000.000000000000000 ) ;
#573 = CARTESIAN_POINT ( 'NONE',  ( 254.9999999999999432, 15.00000000000000000, -120.0000000000000000 ) ) ;
#574 = PERSON_AND_ORGANIZATION ( #755, #547 ) ;
#575 = CIRCLE ( 'NONE', #1226, 43.10000000000000142 ) ;
#576 = CARTESIAN_POINT ( 'NONE',  ( 0.000000000000000000, 5.000000000000000000, 0.000000000000000000 ) ) ;
#577 = APPROVAL_PERSON_ORGANIZATION ( #1123, #205, #557 ) ;
#578 = VECTOR ( 'NONE', #402, 1000.000000000000000 ) ;
#579 = ORIENTED_EDGE ( 'NONE', *, *, #249, .F. ) ;
#580 = EDGE_CURVE ( 'NONE', #998, #67, #511, .T. ) ;
#581 = LINE ( 'NONE', #459, #599 ) ;
#582 = DIRECTION ( 'NONE',  ( 0.000000000000000000, -0.000000000000000000, 1.000000000000000000 ) ) ;
#583 = CARTESIAN_POINT ( 'NONE',  ( 149.9999999999999716, 45.00000000000000000, -200.0000000000000000 ) ) ;
#584 = DIRECTION ( 'NONE',  ( 0.000000000000000000, 0.000000000000000000, -1.000000000000000000 ) ) ;
#585 = ORIENTED_EDGE ( 'NONE', *, *, #111, .F. ) ;
#586 = LINE ( 'NONE', #1497, #669 ) ;
#587 = DIRECTION ( 'NONE',  ( -0.000000000000000000, -1.000000000000000000, -0.000000000000000000 ) ) ;
#588 = DIRECTION ( 'NONE',  ( 0.000000000000000000, 0.000000000000000000, -1.000000000000000000 ) ) ;
#589 = CARTESIAN_POINT ( 'NONE',  ( 417.0000000000000000, 186.0000000000000000, 0.000000000000000000 ) ) ;
#590 = CYLINDRICAL_SURFACE ( 'NONE', #425, 43.10000000000000142 ) ;
#591 = ORIENTED_EDGE ( 'NONE', *, *, #1145, .F. ) ;
#592 = DIRECTION ( 'NONE',  ( 0.000000000000000000, 0.000000000000000000, 1.000000000000000000 ) ) ;
#593 = DIRECTION ( 'NONE',  ( -0.000000000000000000, -1.000000000000000000, -0.000000000000000000 ) ) ;
#594 = DIRECTION ( 'NONE',  ( 0.000000000000000000, 0.000000000000000000, -1.000000000000000000 ) ) ;
#595 = AXIS2_PLACEMENT_3D ( 'NONE', #1332, #758, #1435 ) ;
#596 = FACE_OUTER_BOUND ( 'NONE', #1236, .T. ) ;
#597 = VECTOR ( 'NONE', #199, 1000.000000000000000 ) ;
#598 = ORIENTED_EDGE ( 'NONE', *, *, #533, .F. ) ;
#599 = VECTOR ( 'NONE', #930, 1000.000000000000000 ) ;
#600 = DIRECTION ( 'NONE',  ( -1.000000000000000000, 0.000000000000000000, 0.000000000000000000 ) ) ;
#601 = LINE ( 'NONE', #1159, #112 ) ;
#602 = ADVANCED_FACE ( 'NONE', ( #414, #1084, #1091, #408, #876 ), #400, .T. ) ;
#603 = CARTESIAN_POINT ( 'NONE',  ( 234.9999999999999432, 15.00000000000000000, -255.0000000000000000 ) ) ;
#604 = CARTESIAN_POINT ( 'NONE',  ( 234.9999999999999432, 45.00000000000000000, -255.0000000000000000 ) ) ;
#605 = CARTESIAN_POINT ( 'NONE',  ( 219.9999999999999432, 45.00000000000000000, -255.0000000000000000 ) ) ;
#606 = VERTEX_POINT ( 'NONE', #498 ) ;
#607 = EDGE_CURVE ( 'NONE', #1501, #649, #164, .T. ) ;
#608 = LINE ( 'NONE', #365, #188 ) ;
#609 = CARTESIAN_POINT ( 'NONE',  ( 160.0000000000000000, 186.0000000000000000, -20.00000000000000000 ) ) ;
#610 = DIRECTION ( 'NONE',  ( 0.000000000000000000, 0.000000000000000000, -1.000000000000000000 ) ) ;
#611 = PLANE ( 'NONE',  #19 ) ;
#612 = ADVANCED_FACE ( 'NONE', ( #504 ), #391, .F. ) ;
#613 = ORIENTED_EDGE ( 'NONE', *, *, #1295, .F. ) ;
#614 = VERTEX_POINT ( 'NONE', #746 ) ;
#615 = VERTEX_POINT ( 'NONE', #884 ) ;
#616 = PLANE ( 'NONE',  #332 ) ;
#617 = CARTESIAN_POINT ( 'NONE',  ( 142.3000000000000114, 15.00000000000000000, 0.000000000000000000 ) ) ;
#618 = PLANE ( 'NONE',  #917 ) ;
#619 = ORIENTED_EDGE ( 'NONE', *, *, #1411, .T. ) ;
#620 = VECTOR ( 'NONE', #462, 1000.000000000000000 ) ;
#621 = AXIS2_PLACEMENT_3D ( 'NONE', #1217, #277, #737 ) ;
#622 = ORIENTED_EDGE ( 'NONE', *, *, #1098, .F. ) ;
#623 = FACE_BOUND ( 'NONE', #1337, .T. ) ;
#624 = DIRECTION ( 'NONE',  ( 0.000000000000000000, -0.000000000000000000, -1.000000000000000000 ) ) ;
#625 = CARTESIAN_POINT ( 'NONE',  ( 254.9999999999999432, 15.00000000000000000, -255.0000000000000000 ) ) ;
#626 = ORIENTED_EDGE ( 'NONE', *, *, #1196, .F. ) ;
#627 = ORIENTED_EDGE ( 'NONE', *, *, #1260, .F. ) ;
#628 = LINE ( 'NONE', #973, #985 ) ;
#629 = LINE ( 'NONE', #1099, #1377 ) ;
#630 = DIRECTION ( 'NONE',  ( 0.000000000000000000, -1.000000000000000000, 0.000000000000000000 ) ) ;
#631 = CARTESIAN_POINT ( 'NONE',  ( 5.000000000000004441, 180.9999999999999432, -353.0000000000000000 ) ) ;
#632 = VERTEX_POINT ( 'NONE', #1209 ) ;
#633 = ORIENTED_EDGE ( 'NONE', *, *, #1207, .T. ) ;
#634 = FACE_OUTER_BOUND ( 'NONE', #1412, .T. ) ;
#635 = PLANE ( 'NONE',  #1176 ) ;
#636 = ORIENTED_EDGE ( 'NONE', *, *, #25, .T. ) ;
#637 = VECTOR ( 'NONE', #824, 1000.000000000000000 ) ;
#638 = ORIENTED_EDGE ( 'NONE', *, *, #1349, .T. ) ;
#639 = AXIS2_PLACEMENT_3D ( 'NONE', #794, #98, #777 ) ;
#640 = VECTOR ( 'NONE', #401, 1000.000000000000000 ) ;
#641 = EDGE_CURVE ( 'NONE', #485, #178, #1097, .T. ) ;
#642 = VECTOR ( 'NONE', #760, 1000.000000000000000 ) ;
#643 = ORIENTED_EDGE ( 'NONE', *, *, #378, .F. ) ;
#644 = CARTESIAN_POINT ( 'NONE',  ( 254.9999999999999432, 15.00000000000000000, -255.0000000000000000 ) ) ;
#645 = EDGE_CURVE ( 'NONE', #14, #306, #1007, .T. ) ;
#646 = CARTESIAN_POINT ( 'NONE',  ( 149.9999999999999716, 307.9052090765607659, -243.1000000000000227 ) ) ;
#647 = CARTESIAN_POINT ( 'NONE',  ( 249.9999999999999147, 15.00000000000000000, -255.0000000000000000 ) ) ;
#648 = ORIENTED_EDGE ( 'NONE', *, *, #831, .F. ) ;
#649 = VERTEX_POINT ( 'NONE', #1378 ) ;
#650 = ADVANCED_FACE ( 'NONE', ( #226 ), #536, .T. ) ;
#651 = CARTESIAN_POINT ( 'NONE',  ( 224.9999999999999716, 45.00000000000000000, -255.0000000000000000 ) ) ;
#652 = DIRECTION ( 'NONE',  ( 1.000000000000000000, 0.000000000000000000, 0.000000000000000000 ) ) ;
#653 = FACE_OUTER_BOUND ( 'NONE', #1331, .T. ) ;
#654 = COORDINATED_UNIVERSAL_TIME_OFFSET ( 5, 30, .AHEAD. ) ;
#655 = VERTEX_POINT ( 'NONE', #87 ) ;
#656 = EDGE_CURVE ( 'NONE', #996, #1410, #570, .T. ) ;
#657 = ORIENTED_EDGE ( 'NONE', *, *, #558, .F. ) ;
#658 = ORIENTED_EDGE ( 'NONE', *, *, #1081, .F. ) ;
#659 = PLANE ( 'NONE',  #38 ) ;
#660 = CARTESIAN_POINT ( 'NONE',  ( -343.0359176866663802, 180.9999999999999432, -5.000000000000000000 ) ) ;
#661 = FACE_OUTER_BOUND ( 'NONE', #478, .T. ) ;
#662 = COORDINATED_UNIVERSAL_TIME_OFFSET ( 5, 30, .AHEAD. ) ;
#663 = CARTESIAN_POINT ( 'NONE',  ( 270.0000000000000000, 15.00000000000000000, -8.000000000000007105 ) ) ;
#664 = ORIENTED_EDGE ( 'NONE', *, *, #987, .T. ) ;
#665 = VECTOR ( 'NONE', #209, 1000.000000000000000 ) ;
#666 = VERTEX_POINT ( 'NONE', #222 ) ;
#667 = DIRECTION ( 'NONE',  ( -1.000000000000000000, 0.000000000000000000, 0.000000000000000000 ) ) ;
#668 = EDGE_CURVE ( 'NONE', #268, #412, #907, .T. ) ;
#669 = VECTOR ( 'NONE', #453, 1000.000000000000000 ) ;
#670 = CARTESIAN_POINT ( 'NONE',  ( 5.000000000000004441, 0.000000000000000000, -195.0000000000000000 ) ) ;
#671 = DIRECTION ( 'NONE',  ( 0.000000000000000000, -0.000000000000000000, 1.000000000000000000 ) ) ;
#672 = ADVANCED_FACE ( 'NONE', ( #330 ), #1023, .F. ) ;
#673 = CALENDAR_DATE ( 2026, 13, 5 ) ;
#674 = ORIENTED_EDGE ( 'NONE', *, *, #1, .T. ) ;
#675 = EDGE_CURVE ( 'NONE', #470, #86, #1128, .T. ) ;
#676 = ORIENTED_EDGE ( 'NONE', *, *, #1307, .F. ) ;
#677 = CARTESIAN_POINT ( 'NONE',  ( 1.170762339984869499E-14, 105.0000000000000142, -262.3999999999999773 ) ) ;
#678 = APPROVAL_STATUS ( 'not_yet_approved' ) ;
#679 = VERTEX_POINT ( 'NONE', #1137 ) ;
#680 = ORIENTED_EDGE ( 'NONE', *, *, #943, .T. ) ;
#681 = CARTESIAN_POINT ( 'NONE',  ( 0.000000000000000000, 45.00000000000000000, 0.000000000000000000 ) ) ;
#682 = DIRECTION ( 'NONE',  ( 0.000000000000000000, 0.000000000000000000, -1.000000000000000000 ) ) ;
#683 = DIRECTION ( 'NONE',  ( -0.000000000000000000, -0.000000000000000000, -1.000000000000000000 ) ) ;
#684 = PERSON_AND_ORGANIZATION_ROLE ( 'design_owner' ) ;
#685 = FACE_OUTER_BOUND ( 'NONE', #364, .T. ) ;
#686 = EDGE_CURVE ( 'NONE', #1410, #450, #311, .T. ) ;
#687 = VERTEX_POINT ( 'NONE', #1257 ) ;
#688 = CARTESIAN_POINT ( 'NONE',  ( 159.9999999999999432, 11.29437251522846708, -140.0000000000000000 ) ) ;
#689 = PLANE ( 'NONE',  #1276 ) ;
#690 = AXIS2_PLACEMENT_3D ( 'NONE', #1030, #213, #787 ) ;
#691 = EDGE_CURVE ( 'NONE', #102, #14, #801, .T. ) ;
#692 = VECTOR ( 'NONE', #899, 1000.000000000000000 ) ;
#693 = PLANE ( 'NONE',  #1083 ) ;
#694 = SECURITY_CLASSIFICATION ( '', '', #1020 ) ;
#695 = ADVANCED_FACE ( 'NONE', ( #1264 ), #659, .F. ) ;
#696 = LINE ( 'NONE', #483, #1495 ) ;
#697 = ORIENTED_EDGE ( 'NONE', *, *, #926, .F. ) ;
#698 = CARTESIAN_POINT ( 'NONE',  ( 412.0000000000000000, 105.0000000000000142, -353.0000000000000000 ) ) ;
#699 = LINE ( 'NONE', #778, #517 ) ;
#700 = LINE ( 'NONE', #1392, #912 ) ;
#701 = DIRECTION ( 'NONE',  ( -1.000000000000000000, 0.000000000000000000, 0.000000000000000000 ) ) ;
#702 = CARTESIAN_POINT ( 'NONE',  ( 234.9999999999999432, 45.00000000000000000, -255.0000000000000000 ) ) ;
#703 = DIRECTION ( 'NONE',  ( 1.000000000000000000, 0.000000000000000000, 0.000000000000000000 ) ) ;
#704 = VERTEX_POINT ( 'NONE', #1232 ) ;
#705 = ADVANCED_FACE ( 'NONE', ( #1249, #1367 ), #103, .T. ) ;
#706 = CARTESIAN_POINT ( 'NONE',  ( 5.000000000000000000, 105.0000000000000142, -353.0000000000000000 ) ) ;
#707 = CARTESIAN_POINT ( 'NONE',  ( 0.000000000000000000, 0.000000000000000000, -358.0000000000000000 ) ) ;
#708 = CARTESIAN_POINT ( 'NONE',  ( 5.000000000000000000, 5.000000000000000000, -5.000000000000000000 ) ) ;
#709 = DIRECTION ( 'NONE',  ( 0.000000000000000000, 0.000000000000000000, 1.000000000000000000 ) ) ;
#710 = ORIENTED_EDGE ( 'NONE', *, *, #645, .F. ) ;
#711 = CARTESIAN_POINT ( 'NONE',  ( 5.000000000000000000, 156.0000000000000000, -195.0000000000000000 ) ) ;
#712 = LINE ( 'NONE', #1178, #716 ) ;
#713 = DIRECTION ( 'NONE',  ( 1.000000000000000000, 0.000000000000000000, -2.055968564120660023E-16 ) ) ;
#714 = VECTOR ( 'NONE', #1265, 1000.000000000000000 ) ;
#715 = LINE ( 'NONE', #21, #1419 ) ;
#716 = VECTOR ( 'NONE', #261, 1000.000000000000000 ) ;
#717 = EDGE_CURVE ( 'NONE', #44, #1464, #1357, .T. ) ;
#718 = LINE ( 'NONE', #1183, #469 ) ;
#719 = LINE ( 'NONE', #1148, #359 ) ;
#720 = VECTOR ( 'NONE', #156, 1000.000000000000000 ) ;
#721 = ORIENTED_EDGE ( 'NONE', *, *, #295, .T. ) ;
#722 = VECTOR ( 'NONE', #452, 1000.000000000000000 ) ;
#723 = CARTESIAN_POINT ( 'NONE',  ( 0.000000000000000000, 5.000000000000000000, 0.000000000000000000 ) ) ;
#724 = EDGE_CURVE ( 'NONE', #239, #67, #198, .T. ) ;
#725 = CYLINDRICAL_SURFACE ( 'NONE', #445, 43.10000000000000142 ) ;
#726 = CARTESIAN_POINT ( 'NONE',  ( 249.9999999999999432, 15.00000000000000000, -120.0000000000000000 ) ) ;
#727 = DIRECTION ( 'NONE',  ( 0.000000000000000000, 0.000000000000000000, -1.000000000000000000 ) ) ;
#728 = EDGE_LOOP ( 'NONE', ( #363, #843, #1324, #805 ) ) ;
#729 = ORIENTED_EDGE ( 'NONE', *, *, #686, .T. ) ;
#730 = ORIENTED_EDGE ( 'NONE', *, *, #315, .T. ) ;
#731 = LINE ( 'NONE', #172, #1470 ) ;
#732 = DIRECTION ( 'NONE',  ( 0.000000000000000000, 0.000000000000000000, -1.000000000000000000 ) ) ;
#733 = ORIENTED_EDGE ( 'NONE', *, *, #645, .T. ) ;
#734 = ORIENTED_EDGE ( 'NONE', *, *, #1239, .F. ) ;
#735 = ORIENTED_EDGE ( 'NONE', *, *, #422, .T. ) ;
#736 = CARTESIAN_POINT ( 'NONE',  ( 9.999999999999921840, 5.000000000000000000, -268.0000000000000000 ) ) ;
#737 = DIRECTION ( 'NONE',  ( 0.000000000000000000, 0.000000000000000000, 1.000000000000000000 ) ) ;
#738 = LINE ( 'NONE', #166, #1136 ) ;
#739 = CARTESIAN_POINT ( 'NONE',  ( 269.9999999999999432, 5.000000000000000000, -268.0000000000000000 ) ) ;
#740 = ORIENTED_EDGE ( 'NONE', *, *, #249, .T. ) ;
#741 = VECTOR ( 'NONE', #925, 1000.000000000000000 ) ;
#742 = AXIS2_PLACEMENT_3D ( 'NONE', #392, #610, #382 ) ;
#743 = ORIENTED_EDGE ( 'NONE', *, *, #1263, .F. ) ;
#744 = AXIS2_PLACEMENT_3D ( 'NONE', #1444, #749, #994 ) ;
#745 = ORIENTED_EDGE ( 'NONE', *, *, #1467, .F. ) ;
#746 = CARTESIAN_POINT ( 'NONE',  ( 219.9999999999999716, 15.00000000000000000, -120.0000000000000000 ) ) ;
#747 = UNCERTAINTY_MEASURE_WITH_UNIT (LENGTH_MEASURE( 1.000000000000000082E-05 ), #507, 'distance_accuracy_value', 'NONE');
#748 = LINE ( 'NONE', #42, #447 ) ;
#749 = DIRECTION ( 'NONE',  ( 0.000000000000000000, 0.000000000000000000, -1.000000000000000000 ) ) ;
#750 = VERTEX_POINT ( 'NONE', #444 ) ;
#751 = ORIENTED_EDGE ( 'NONE', *, *, #279, .T. ) ;
#752 = DIRECTION ( 'NONE',  ( 0.000000000000000000, -1.000000000000000000, 0.000000000000000000 ) ) ;
#753 = CARTESIAN_POINT ( 'NONE',  ( 5.000000000000004441, 0.000000000000000000, -65.00000000000000000 ) ) ;
#754 = VERTEX_POINT ( 'NONE', #1469 ) ;
#755 = PERSON ( 'UNSPECIFIED', 'UNSPECIFIED', 'UNSPECIFIED', ('UNSPECIFIED'), ('UNSPECIFIED'), ('UNSPECIFIED') ) ;
#756 = EDGE_CURVE ( 'NONE', #963, #655, #318, .T. ) ;
#757 = ORIENTED_EDGE ( 'NONE', *, *, #1233, .T. ) ;
#758 = DIRECTION ( 'NONE',  ( 0.000000000000000000, -1.000000000000000000, 0.000000000000000000 ) ) ;
#759 = DIRECTION ( 'NONE',  ( 0.000000000000000000, -1.000000000000000000, 0.000000000000000000 ) ) ;
#760 = DIRECTION ( 'NONE',  ( 0.000000000000000000, -1.000000000000000000, 0.000000000000000000 ) ) ;
#761 = ORIENTED_EDGE ( 'NONE', *, *, #926, .T. ) ;
#762 = EDGE_CURVE ( 'NONE', #470, #407, #1241, .T. ) ;
#763 = VECTOR ( 'NONE', #999, 1000.000000000000000 ) ;
#764 = ORIENTED_EDGE ( 'NONE', *, *, #929, .T. ) ;
#765 = CIRCLE ( 'NONE', #1111, 43.10000000000000142 ) ;
#766 = VECTOR ( 'NONE', #418, 1000.000000000000000 ) ;
#767 = VECTOR ( 'NONE', #1025, 1000.000000000000000 ) ;
#768 = ORIENTED_EDGE ( 'NONE', *, *, #641, .F. ) ;
#769 = DIRECTION ( 'NONE',  ( 1.000000000000000000, 0.000000000000000000, 0.000000000000000000 ) ) ;
#770 = EDGE_CURVE ( 'NONE', #67, #858, #432, .T. ) ;
#771 = DIRECTION ( 'NONE',  ( 0.000000000000000000, -0.000000000000000000, 1.000000000000000000 ) ) ;
#772 = DIRECTION ( 'NONE',  ( 1.000000000000000000, 0.000000000000000000, 0.000000000000000000 ) ) ;
#773 = ORIENTED_EDGE ( 'NONE', *, *, #1316, .F. ) ;
#774 = CARTESIAN_POINT ( 'NONE',  ( 5.000000000000000000, 186.0000000000000000, -262.3999999999999773 ) ) ;
#775 = ORIENTED_EDGE ( 'NONE', *, *, #607, .F. ) ;
#776 = ORIENTED_EDGE ( 'NONE', *, *, #75, .T. ) ;
#777 = DIRECTION ( 'NONE',  ( 0.000000000000000000, 0.000000000000000000, -1.000000000000000000 ) ) ;
#778 = CARTESIAN_POINT ( 'NONE',  ( 149.9999999999999716, 45.00000000000000000, -243.1000000000000227 ) ) ;
#779 = PLANE ( 'NONE',  #1447 ) ;
#780 = APPROVAL_DATE_TIME ( #92, #205 ) ;
#781 = ORIENTED_EDGE ( 'NONE', *, *, #118, .F. ) ;
#782 = PLANE ( 'NONE',  #494 ) ;
#783 = EDGE_LOOP ( 'NONE', ( #552, #944, #1448, #786 ) ) ;
#784 = EDGE_CURVE ( 'NONE', #523, #1317, #79, .T. ) ;
#785 = EDGE_CURVE ( 'NONE', #666, #534, #608, .T. ) ;
#786 = ORIENTED_EDGE ( 'NONE', *, *, #762, .F. ) ;
#787 = DIRECTION ( 'NONE',  ( 0.000000000000000000, 0.000000000000000000, -1.000000000000000000 ) ) ;
#788 = CARTESIAN_POINT ( 'NONE',  ( 234.9999999999999716, 45.00000000000000000, -120.0000000000000000 ) ) ;
#789 = DIRECTION ( 'NONE',  ( -1.000000000000000000, -0.000000000000000000, -0.000000000000000000 ) ) ;
#790 = PERSON_AND_ORGANIZATION ( #755, #547 ) ;
#791 = ORIENTED_EDGE ( 'NONE', *, *, #451, .F. ) ;
#792 = VECTOR ( 'NONE', #1486, 1000.000000000000000 ) ;
#793 = AXIS2_PLACEMENT_3D ( 'NONE', #1431, #732, #1313 ) ;
#794 = CARTESIAN_POINT ( 'NONE',  ( 5.000000000000000000, 186.0000000000000000, -353.0000000000000000 ) ) ;
#795 = VECTOR ( 'NONE', #1251, 1000.000000000000000 ) ;
#796 = DIRECTION ( 'NONE',  ( -0.000000000000000000, -1.000000000000000000, 0.000000000000000000 ) ) ;
#797 = PLANE ( 'NONE',  #1493 ) ;
#798 = APPROVAL_STATUS ( 'not_yet_approved' ) ;
#799 = VERTEX_POINT ( 'NONE', #830 ) ;
#800 = ORIENTED_EDGE ( 'NONE', *, *, #1429, .F. ) ;
#801 = LINE ( 'NONE', #677, #1374 ) ;
#802 = CARTESIAN_POINT ( 'NONE',  ( 239.9999999999999716, 15.00000000000000000, -255.0000000000000000 ) ) ;
#803 = CC_DESIGN_DATE_AND_TIME_ASSIGNMENT ( #919, #1266, ( #5 ) ) ;
#804 = DIRECTION ( 'NONE',  ( 0.000000000000000000, -1.000000000000000000, 0.000000000000000000 ) ) ;
#805 = ORIENTED_EDGE ( 'NONE', *, *, #607, .T. ) ;
#806 = LINE ( 'NONE', #1268, #1205 ) ;
#807 = EDGE_CURVE ( 'NONE', #37, #293, #937, .T. ) ;
#808 = FACE_OUTER_BOUND ( 'NONE', #977, .T. ) ;
#809 = CARTESIAN_POINT ( 'NONE',  ( 234.9999999999999432, 15.00000000000000000, -255.0000000000000000 ) ) ;
#810 = ADVANCED_FACE ( 'NONE', ( #1413 ), #838, .T. ) ;
#811 = CARTESIAN_POINT ( 'NONE',  ( 160.3222456700906662, 71.00000000000000000, -65.00000000000000000 ) ) ;
#812 = PERSON_AND_ORGANIZATION_ROLE ( 'design_supplier' ) ;
#813 = VERTEX_POINT ( 'NONE', #1047 ) ;
#814 = EDGE_CURVE ( 'NONE', #510, #105, #931, .T. ) ;
#815 = VERTEX_POINT ( 'NONE', #707 ) ;
#816 = LINE ( 'NONE', #27, #1222 ) ;
#817 = VECTOR ( 'NONE', #562, 1000.000000000000000 ) ;
#818 = CIRCLE ( 'NONE', #1420, 43.10000000000000142 ) ;
#819 = CARTESIAN_POINT ( 'NONE',  ( 160.0000000000000000, 11.29437251522846708, -20.00000000000000000 ) ) ;
#820 = EDGE_CURVE ( 'NONE', #84, #614, #1070, .T. ) ;
#821 = CIRCLE ( 'NONE', #1423, 43.10000000000000142 ) ;
#822 = CARTESIAN_POINT ( 'NONE',  ( 239.9999999999999716, 45.00000000000000000, -255.0000000000000000 ) ) ;
#823 = ORIENTED_EDGE ( 'NONE', *, *, #180, .F. ) ;
#824 = DIRECTION ( 'NONE',  ( 0.000000000000000000, -0.000000000000000000, -1.000000000000000000 ) ) ;
#825 = CARTESIAN_POINT ( 'NONE',  ( 224.9999999999999716, 45.00000000000000000, -255.0000000000000000 ) ) ;
#826 = FACE_OUTER_BOUND ( 'NONE', #1390, .T. ) ;
#827 = CARTESIAN_POINT ( 'NONE',  ( 0.000000000000000000, 105.0000000000000142, 0.000000000000000000 ) ) ;
#828 = EDGE_LOOP ( 'NONE', ( #420, #1262, #751, #202 ) ) ;
#829 = EDGE_LOOP ( 'NONE', ( #619, #1247, #730, #431 ) ) ;
#830 = CARTESIAN_POINT ( 'NONE',  ( 39.99999999999995737, 186.0000000000000000, -20.00000000000000000 ) ) ;
#831 = EDGE_CURVE ( 'NONE', #534, #463, #1406, .T. ) ;
#832 = CARTESIAN_POINT ( 'NONE',  ( 239.9999999999999716, 45.00000000000000000, -255.0000000000000000 ) ) ;
#833 = CARTESIAN_POINT ( 'NONE',  ( 149.9999999999999716, 45.00000000000000000, -156.9000000000000057 ) ) ;
#834 = CARTESIAN_POINT ( 'NONE',  ( 149.9999999999999716, 307.9052090765607659, -200.0000000000000000 ) ) ;
#835 = ORIENTED_EDGE ( 'NONE', *, *, #1231, .F. ) ;
#836 = EDGE_CURVE ( 'NONE', #140, #489, #466, .T. ) ;
#837 = DIRECTION ( 'NONE',  ( 0.000000000000000000, 0.000000000000000000, 1.000000000000000000 ) ) ;
#838 = PLANE ( 'NONE',  #1132 ) ;
#839 = EDGE_CURVE ( 'NONE', #1317, #394, #712, .T. ) ;
#840 = CARTESIAN_POINT ( 'NONE',  ( 219.9999999999999432, 15.00000000000000000, -255.0000000000000000 ) ) ;
#841 = VECTOR ( 'NONE', #1479, 1000.000000000000000 ) ;
#842 = VECTOR ( 'NONE', #10, 1000.000000000000000 ) ;
#843 = ORIENTED_EDGE ( 'NONE', *, *, #814, .F. ) ;
#844 = EDGE_LOOP ( 'NONE', ( #1478, #910, #657, #1088 ) ) ;
#845 = ORIENTED_EDGE ( 'NONE', *, *, #987, .F. ) ;
#846 = PLANE ( 'NONE',  #282 ) ;
#847 = EDGE_CURVE ( 'NONE', #450, #84, #352, .T. ) ;
#848 = PLANE ( 'NONE',  #139 ) ;
#849 = PLANE ( 'NONE',  #1227 ) ;
#850 = ORIENTED_EDGE ( 'NONE', *, *, #820, .F. ) ;
#851 = ORIENTED_EDGE ( 'NONE', *, *, #486, .T. ) ;
#852 = ORIENTED_EDGE ( 'NONE', *, *, #558, .T. ) ;
#853 = EDGE_CURVE ( 'NONE', #77, #815, #1061, .T. ) ;
#854 = DIRECTION ( 'NONE',  ( 0.000000000000000000, 1.000000000000000000, -0.000000000000000000 ) ) ;
#855 = DIRECTION ( 'NONE',  ( -2.135044278125300850E-16, -0.000000000000000000, -1.000000000000000000 ) ) ;
#856 = DIRECTION ( 'NONE',  ( -1.000000000000000000, 0.000000000000000000, 0.000000000000000000 ) ) ;
#857 = DIRECTION ( 'NONE',  ( -0.000000000000000000, -0.000000000000000000, -1.000000000000000000 ) ) ;
#858 = VERTEX_POINT ( 'NONE', #148 ) ;
#859 = CARTESIAN_POINT ( 'NONE',  ( 39.99999999999995737, 11.29437251522846708, -20.00000000000000000 ) ) ;
#860 = DIRECTION ( 'NONE',  ( 1.000000000000000000, 0.000000000000000000, 0.000000000000000000 ) ) ;
#861 = CARTESIAN_POINT ( 'NONE',  ( 9.999999999999923617, 15.00000000000000000, -262.3999999999999773 ) ) ;
#862 = DIRECTION ( 'NONE',  ( 0.000000000000000000, 0.000000000000000000, 1.000000000000000000 ) ) ;
#863 = ORIENTED_EDGE ( 'NONE', *, *, #68, .F. ) ;
#864 = VECTOR ( 'NONE', #1407, 1000.000000000000000 ) ;
#865 = AXIS2_PLACEMENT_3D ( 'NONE', #827, #372, #1499 ) ;
#866 = LOCAL_TIME ( 21, 52, 39.00000000000000000, #662 ) ;
#867 = AXIS2_PLACEMENT_3D ( 'NONE', #1235, #871, #388 ) ;
#868 = ORIENTED_EDGE ( 'NONE', *, *, #785, .T. ) ;
#869 = FACE_BOUND ( 'NONE', #901, .T. ) ;
#870 = LINE ( 'NONE', #1443, #16 ) ;
#871 = DIRECTION ( 'NONE',  ( -1.000000000000000000, 0.000000000000000000, 0.000000000000000000 ) ) ;
#872 = DIRECTION ( 'NONE',  ( 0.000000000000000000, 1.000000000000000000, -0.000000000000000000 ) ) ;
#873 = ORIENTED_EDGE ( 'NONE', *, *, #292, .F. ) ;
#874 = EDGE_CURVE ( 'NONE', #649, #1308, #601, .T. ) ;
#875 = ORIENTED_EDGE ( 'NONE', *, *, #724, .F. ) ;
#876 = FACE_OUTER_BOUND ( 'NONE', #1044, .T. ) ;
#877 = EDGE_CURVE ( 'NONE', #239, #230, #700, .T. ) ;
#878 = DIRECTION ( 'NONE',  ( 2.055968564120660023E-16, 0.000000000000000000, 1.000000000000000000 ) ) ;
#879 = CARTESIAN_POINT ( 'NONE',  ( 39.99999999999992895, 180.9999999999999432, -140.0000000000000000 ) ) ;
#880 = EDGE_LOOP ( 'NONE', ( #404, #991, #97, #211 ) ) ;
#881 = VERTEX_POINT ( 'NONE', #1280 ) ;
#882 = EDGE_CURVE ( 'NONE', #485, #1474, #816, .T. ) ;
#883 = ORIENTED_EDGE ( 'NONE', *, *, #1245, .F. ) ;
#884 = CARTESIAN_POINT ( 'NONE',  ( 0.000000000000000000, 71.00000000000000000, -65.00000000000000000 ) ) ;
#885 = LINE ( 'NONE', #319, #93 ) ;
#886 = DIRECTION ( 'NONE',  ( 0.000000000000000000, 0.000000000000000000, 1.000000000000000000 ) ) ;
#887 = LINE ( 'NONE', #976, #1301 ) ;
#888 = ORIENTED_EDGE ( 'NONE', *, *, #1376, .T. ) ;
#889 = VECTOR ( 'NONE', #481, 1000.000000000000000 ) ;
#890 = ORIENTED_EDGE ( 'NONE', *, *, #341, .T. ) ;
#891 = VECTOR ( 'NONE', #878, 1000.000000000000000 ) ;
#892 = EDGE_LOOP ( 'NONE', ( #883, #123, #152, #928 ) ) ;
#893 = CARTESIAN_POINT ( 'NONE',  ( 39.99999999999995737, 180.9999999999999432, -20.00000000000000000 ) ) ;
#894 = CARTESIAN_POINT ( 'NONE',  ( 5.000000000000004441, 156.0000000000000000, 0.000000000000000000 ) ) ;
#895 = APPROVAL_ROLE ( '' ) ;
#896 = ORIENTED_EDGE ( 'NONE', *, *, #675, .F. ) ;
#897 = EDGE_CURVE ( 'NONE', #450, #463, #1400, .T. ) ;
#898 = CC_DESIGN_PERSON_AND_ORGANIZATION_ASSIGNMENT ( #1388, #216, ( #962 ) ) ;
#899 = DIRECTION ( 'NONE',  ( -0.000000000000000000, 1.000000000000000000, 0.000000000000000000 ) ) ;
#900 = ORIENTED_EDGE ( 'NONE', *, *, #295, .F. ) ;
#901 = EDGE_LOOP ( 'NONE', ( #773, #324 ) ) ;
#902 = DIRECTION ( 'NONE',  ( -1.000000000000000000, 0.000000000000000000, -0.000000000000000000 ) ) ;
#903 = PLANE ( 'NONE',  #1372 ) ;
#904 = LINE ( 'NONE', #1002, #572 ) ;
#905 = DIRECTION ( 'NONE',  ( -1.000000000000000000, 0.000000000000000000, 2.135044278125300850E-16 ) ) ;
#906 = ORIENTED_EDGE ( 'NONE', *, *, #1376, .F. ) ;
#907 = LINE ( 'NONE', #1142, #493 ) ;
#908 = PLANE ( 'NONE',  #1320 ) ;
#909 = LINE ( 'NONE', #1369, #714 ) ;
#910 = ORIENTED_EDGE ( 'NONE', *, *, #756, .F. ) ;
#911 = AXIS2_PLACEMENT_3D ( 'NONE', #1038, #837, #240 ) ;
#912 = VECTOR ( 'NONE', #1075, 1000.000000000000000 ) ;
#913 = EDGE_LOOP ( 'NONE', ( #1127, #51, #379, #66, #710, #291 ) ) ;
#914 = VECTOR ( 'NONE', #333, 1000.000000000000000 ) ;
#915 = CARTESIAN_POINT ( 'NONE',  ( 9.999999999999921840, 5.000000000000000000, -268.0000000000000000 ) ) ;
#916 = APPROVAL_PERSON_ORGANIZATION ( #790, #1139, #1381 ) ;
#917 = AXIS2_PLACEMENT_3D ( 'NONE', #605, #106, #923 ) ;
#918 = DIRECTION ( 'NONE',  ( 1.000000000000000000, 0.000000000000000000, 0.000000000000000000 ) ) ;
#919 = DATE_AND_TIME ( #82, #284 ) ;
#920 = EDGE_CURVE ( 'NONE', #815, #497, #952, .T. ) ;
#921 = EDGE_LOOP ( 'NONE', ( #1311, #1005, #390, #329 ) ) ;
#922 = ADVANCED_FACE ( 'NONE', ( #1386 ), #689, .F. ) ;
#923 = DIRECTION ( 'NONE',  ( -2.055968564120660023E-16, 0.000000000000000000, -1.000000000000000000 ) ) ;
#924 = LINE ( 'NONE', #688, #989 ) ;
#925 = DIRECTION ( 'NONE',  ( 1.000000000000000000, 0.000000000000000000, 0.000000000000000000 ) ) ;
#926 = EDGE_CURVE ( 'NONE', #1410, #534, #361, .T. ) ;
#927 = PERSON_AND_ORGANIZATION_ROLE ( 'creator' ) ;
#928 = ORIENTED_EDGE ( 'NONE', *, *, #1403, .F. ) ;
#929 = EDGE_CURVE ( 'NONE', #43, #102, #248, .T. ) ;
#930 = DIRECTION ( 'NONE',  ( -1.000000000000000000, -0.000000000000000000, -0.000000000000000000 ) ) ;
#931 = LINE ( 'NONE', #1270, #938 ) ;
#932 = PLANE ( 'NONE',  #1396 ) ;
#933 = DIRECTION ( 'NONE',  ( -0.000000000000000000, -1.000000000000000000, -0.000000000000000000 ) ) ;
#934 = ORIENTED_EDGE ( 'NONE', *, *, #1500, .T. ) ;
#935 = CARTESIAN_POINT ( 'NONE',  ( 39.99999999999995737, 180.9999999999999432, -20.00000000000000000 ) ) ;
#936 = LINE ( 'NONE', #660, #842 ) ;
#937 = LINE ( 'NONE', #945, #1179 ) ;
#938 = VECTOR ( 'NONE', #233, 1000.000000000000000 ) ;
#939 = VECTOR ( 'NONE', #312, 1000.000000000000000 ) ;
#940 = CARTESIAN_POINT ( 'NONE',  ( 269.9999999999999432, 15.00000000000000000, -268.0000000000000000 ) ) ;
#941 = DIRECTION ( 'NONE',  ( 0.000000000000000000, -0.000000000000000000, 1.000000000000000000 ) ) ;
#942 = ORIENTED_EDGE ( 'NONE', *, *, #345, .T. ) ;
#943 = EDGE_CURVE ( 'NONE', #299, #1169, #765, .T. ) ;
#944 = ORIENTED_EDGE ( 'NONE', *, *, #292, .T. ) ;
#945 = CARTESIAN_POINT ( 'NONE',  ( 254.9999999999999432, 45.00000000000000000, -255.0000000000000000 ) ) ;
#946 = CARTESIAN_POINT ( 'NONE',  ( 249.9999999999999147, 45.00000000000000000, -255.0000000000000000 ) ) ;
#947 = PLANE ( 'NONE',  #1062 ) ;
#948 = LINE ( 'NONE', #833, #114 ) ;
#949 = ADVANCED_FACE ( 'NONE', ( #1492 ), #1465, .F. ) ;
#950 = ORIENTED_EDGE ( 'NONE', *, *, #1239, .T. ) ;
#951 = LINE ( 'NONE', #1398, #637 ) ;
#952 = LINE ( 'NONE', #487, #423 ) ;
#953 = LINE ( 'NONE', #708, #1253 ) ;
#954 = CARTESIAN_POINT ( 'NONE',  ( 234.9999999999999432, 45.00000000000000000, -255.0000000000000000 ) ) ;
#955 = VERTEX_POINT ( 'NONE', #323 ) ;
#956 = EDGE_CURVE ( 'NONE', #1170, #858, #1354, .T. ) ;
#957 = ORIENTED_EDGE ( 'NONE', *, *, #1245, .T. ) ;
#958 = VECTOR ( 'NONE', #33, 1000.000000000000000 ) ;
#959 = DIRECTION ( 'NONE',  ( -1.000000000000000000, 0.000000000000000000, 0.000000000000000000 ) ) ;
#960 = VECTOR ( 'NONE', #1373, 1000.000000000000000 ) ;
#961 = PLANE ( 'NONE',  #742 ) ;
#962 = PRODUCT_DEFINITION_FORMATION_WITH_SPECIFIED_SOURCE ( 'ANY', '', #100, .NOT_KNOWN. ) ;
#963 = VERTEX_POINT ( 'NONE', #532 ) ;
#964 = EDGE_CURVE ( 'NONE', #1104, #679, #818, .T. ) ;
#965 = ADVANCED_FACE ( 'NONE', ( #1382 ), #782, .F. ) ;
#966 = ORIENTED_EDGE ( 'NONE', *, *, #1459, .T. ) ;
#967 = ADVANCED_FACE ( 'NONE', ( #685 ), #203, .T. ) ;
#968 = PLANE ( 'NONE',  #621 ) ;
#969 = CARTESIAN_POINT ( 'NONE',  ( 254.9999999999999432, 45.00000000000000000, -255.0000000000000000 ) ) ;
#970 = ORIENTED_EDGE ( 'NONE', *, *, #1210, .F. ) ;
#971 = ADVANCED_FACE ( 'NONE', ( #6 ), #29, .F. ) ;
#972 = ORIENTED_EDGE ( 'NONE', *, *, #882, .T. ) ;
#973 = CARTESIAN_POINT ( 'NONE',  ( 249.9999999999999147, 45.00000000000000000, -255.0000000000000000 ) ) ;
#974 = DIRECTION ( 'NONE',  ( 0.000000000000000000, -1.000000000000000000, 0.000000000000000000 ) ) ;
#975 = DIRECTION ( 'NONE',  ( -1.000000000000000000, 0.000000000000000000, 0.000000000000000000 ) ) ;
#976 = CARTESIAN_POINT ( 'NONE',  ( 160.0000000000000000, 180.9999999999999432, -20.00000000000000000 ) ) ;
#977 = EDGE_LOOP ( 'NONE', ( #1383, #176, #32, #761 ) ) ;
#978 = ADVANCED_FACE ( 'NONE', ( #1173 ), #367, .T. ) ;
#979 = ORIENTED_EDGE ( 'NONE', *, *, #1214, .T. ) ;
#980 = CARTESIAN_POINT ( 'NONE',  ( 417.0000000000000000, 186.0000000000000000, 0.000000000000000000 ) ) ;
#981 = VECTOR ( 'NONE', #856, 1000.000000000000000 ) ;
#982 = LINE ( 'NONE', #36, #397 ) ;
#983 = PLANE ( 'NONE',  #744 ) ;
#984 = ORIENTED_EDGE ( 'NONE', *, *, #1345, .T. ) ;
#985 = VECTOR ( 'NONE', #1216, 1000.000000000000000 ) ;
#986 = VECTOR ( 'NONE', #1166, 1000.000000000000000 ) ;
#987 = EDGE_CURVE ( 'NONE', #1427, #34, #457, .T. ) ;
#988 = VERTEX_POINT ( 'NONE', #1282 ) ;
#989 = VECTOR ( 'NONE', #1158, 1000.000000000000000 ) ;
#990 = EDGE_CURVE ( 'NONE', #105, #649, #696, .T. ) ;
#991 = ORIENTED_EDGE ( 'NONE', *, *, #920, .T. ) ;
#992 = DIRECTION ( 'NONE',  ( 2.312964634635742957E-16, -0.000000000000000000, 1.000000000000000000 ) ) ;
#993 = CARTESIAN_POINT ( 'NONE',  ( 0.000000000000000000, 0.000000000000000000, 0.000000000000000000 ) ) ;
#994 = DIRECTION ( 'NONE',  ( -1.000000000000000000, 0.000000000000000000, -0.000000000000000000 ) ) ;
#995 = CARTESIAN_POINT ( 'NONE',  ( 417.0000000000000000, 0.000000000000000000, 0.000000000000000000 ) ) ;
#996 = VERTEX_POINT ( 'NONE', #1161 ) ;
#997 = EDGE_CURVE ( 'NONE', #799, #407, #355, .T. ) ;
#998 = VERTEX_POINT ( 'NONE', #1288 ) ;
#999 = DIRECTION ( 'NONE',  ( -1.000000000000000000, -0.000000000000000000, -0.000000000000000000 ) ) ;
#1000 = DIRECTION ( 'NONE',  ( -0.000000000000000000, -1.000000000000000000, -0.000000000000000000 ) ) ;
#1001 = CARTESIAN_POINT ( 'NONE',  ( 0.000000000000000000, 5.000000000000000000, -358.0000000000000000 ) ) ;
#1002 = CARTESIAN_POINT ( 'NONE',  ( 39.99999999999992895, 186.0000000000000000, -140.0000000000000000 ) ) ;
#1003 = CARTESIAN_POINT ( 'NONE',  ( 224.9999999999999716, 45.00000000000000000, -120.0000000000000000 ) ) ;
#1004 = ORIENTED_EDGE ( 'NONE', *, *, #1231, .T. ) ;
#1005 = ORIENTED_EDGE ( 'NONE', *, *, #882, .F. ) ;
#1006 = ORIENTED_EDGE ( 'NONE', *, *, #267, .T. ) ;
#1007 = LINE ( 'NONE', #426, #1298 ) ;
#1008 = EDGE_CURVE ( 'NONE', #412, #140, #1067, .T. ) ;
#1009 = CARTESIAN_POINT ( 'NONE',  ( 149.9999999999999716, 186.0000000000000000, -156.9000000000000057 ) ) ;
#1010 = FACE_OUTER_BOUND ( 'NONE', #74, .T. ) ;
#1011 = DIRECTION ( 'NONE',  ( 0.000000000000000000, 0.000000000000000000, 1.000000000000000000 ) ) ;
#1012 = ORIENTED_EDGE ( 'NONE', *, *, #1487, .F. ) ;
#1013 = AXIS2_PLACEMENT_3D ( 'NONE', #179, #1428, #154 ) ;
#1014 = VERTEX_POINT ( 'NONE', #954 ) ;
#1015 = AXIS2_PLACEMENT_3D ( 'NONE', #1408, #476, #1273 ) ;
#1016 = LOCAL_TIME ( 21, 52, 39.00000000000000000, #1131 ) ;
#1017 = VECTOR ( 'NONE', #344, 1000.000000000000000 ) ;
#1018 = CARTESIAN_POINT ( 'NONE',  ( 249.9999999999999432, 45.00000000000000000, -120.0000000000000000 ) ) ;
#1019 = FACE_OUTER_BOUND ( 'NONE', #1096, .T. ) ;
#1020 = SECURITY_CLASSIFICATION_LEVEL ( 'unclassified' ) ;
#1021 = EDGE_LOOP ( 'NONE', ( #845, #1330, #1006, #1417, #764, #1095 ) ) ;
#1022 = ORIENTED_EDGE ( 'NONE', *, *, #1207, .F. ) ;
#1023 = CYLINDRICAL_SURFACE ( 'NONE', #690, 43.10000000000000142 ) ;
#1024 = CARTESIAN_POINT ( 'NONE',  ( 0.000000000000000000, 45.00000000000000000, 0.000000000000000000 ) ) ;
#1025 = DIRECTION ( 'NONE',  ( 0.000000000000000000, -1.000000000000000000, 0.000000000000000000 ) ) ;
#1026 = DIRECTION ( 'NONE',  ( -0.000000000000000000, 0.000000000000000000, 1.000000000000000000 ) ) ;
#1027 = DIRECTION ( 'NONE',  ( 0.000000000000000000, 1.000000000000000000, 0.000000000000000000 ) ) ;
#1028 = EDGE_LOOP ( 'NONE', ( #535, #791, #1219, #1126 ) ) ;
#1029 = ORIENTED_EDGE ( 'NONE', *, *, #1081, .T. ) ;
#1030 = CARTESIAN_POINT ( 'NONE',  ( 149.9999999999999716, 307.9052090765607659, -200.0000000000000000 ) ) ;
#1031 = CARTESIAN_POINT ( 'NONE',  ( 149.9999999999999716, 45.00000000000000000, -243.1000000000000227 ) ) ;
#1032 = DIRECTION ( 'NONE',  ( 0.000000000000000000, 0.000000000000000000, -1.000000000000000000 ) ) ;
#1033 = EDGE_CURVE ( 'NONE', #1014, #221, #1154, .T. ) ;
#1034 = EDGE_LOOP ( 'NONE', ( #591, #419, #638, #206 ) ) ;
#1035 = VECTOR ( 'NONE', #593, 1000.000000000000000 ) ;
#1036 = VECTOR ( 'NONE', #207, 1000.000000000000000 ) ;
#1037 = EDGE_CURVE ( 'NONE', #43, #632, #251, .T. ) ;
#1038 = CARTESIAN_POINT ( 'NONE',  ( 219.9999999999999432, 45.00000000000000000, -255.0000000000000000 ) ) ;
#1039 = VECTOR ( 'NONE', #1129, 1000.000000000000000 ) ;
#1040 = CARTESIAN_POINT ( 'NONE',  ( 160.0000000000000000, 11.29437251522846708, -20.00000000000000000 ) ) ;
#1041 = VECTOR ( 'NONE', #1290, 1000.000000000000000 ) ;
#1042 = MECHANICAL_CONTEXT ( 'NONE', #85, 'mechanical' ) ;
#1043 = DIRECTION ( 'NONE',  ( 0.000000000000000000, 1.000000000000000000, 0.000000000000000000 ) ) ;
#1044 = EDGE_LOOP ( 'NONE', ( #1191, #212, #316, #1189, #443, #196 ) ) ;
#1045 = ADVANCED_FACE ( 'NONE', ( #245 ), #256, .F. ) ;
#1046 = ORIENTED_EDGE ( 'NONE', *, *, #756, .T. ) ;
#1047 = CARTESIAN_POINT ( 'NONE',  ( 234.9999999999999716, 15.00000000000000000, -120.0000000000000000 ) ) ;
#1048 = PLANE ( 'NONE',  #15 ) ;
#1049 = CARTESIAN_POINT ( 'NONE',  ( 149.9999999999999716, 45.00000000000000000, -200.0000000000000000 ) ) ;
#1050 = EDGE_LOOP ( 'NONE', ( #733, #636, #153, #1248 ) ) ;
#1051 = CARTESIAN_POINT ( 'NONE',  ( 219.9999999999999716, 45.00000000000000000, -120.0000000000000000 ) ) ;
#1052 = DIRECTION ( 'NONE',  ( -1.000000000000000000, 0.000000000000000000, 0.000000000000000000 ) ) ;
#1053 = CARTESIAN_POINT ( 'NONE',  ( 219.9999999999999432, 45.00000000000000000, -255.0000000000000000 ) ) ;
#1054 = ADVANCED_FACE ( 'NONE', ( #129 ), #590, .T. ) ;
#1055 = CARTESIAN_POINT ( 'NONE',  ( 249.9999999999999147, 45.00000000000000000, -255.0000000000000000 ) ) ;
#1056 = ADVANCED_FACE ( 'NONE', ( #596 ), #13, .T. ) ;
#1057 = CARTESIAN_POINT ( 'NONE',  ( 149.9999999999999716, 45.00000000000000000, -200.0000000000000000 ) ) ;
#1058 = VERTEX_POINT ( 'NONE', #22 ) ;
#1059 = DIRECTION ( 'NONE',  ( -1.000000000000000000, 0.000000000000000000, -0.000000000000000000 ) ) ;
#1060 = CARTESIAN_POINT ( 'NONE',  ( 5.000000000000000000, 105.0000000000000142, -262.3999999999999773 ) ) ;
#1061 = LINE ( 'NONE', #18, #58 ) ;
#1062 = AXIS2_PLACEMENT_3D ( 'NONE', #362, #244, #490 ) ;
#1063 = VECTOR ( 'NONE', #709, 1000.000000000000000 ) ;
#1064 = CARTESIAN_POINT ( 'NONE',  ( 412.0000000000000000, 186.0000000000000000, -5.000000000000000000 ) ) ;
#1065 = CC_DESIGN_SECURITY_CLASSIFICATION ( #694, ( #962 ) ) ;
#1066 = VECTOR ( 'NONE', #630, 1000.000000000000000 ) ;
#1067 = LINE ( 'NONE', #822, #1085 ) ;
#1068 = ORIENTED_EDGE ( 'NONE', *, *, #1103, .F. ) ;
#1069 = EDGE_LOOP ( 'NONE', ( #721, #147, #541, #1353 ) ) ;
#1070 = LINE ( 'NONE', #1297, #1035 ) ;
#1071 = LINE ( 'NONE', #482, #374 ) ;
#1072 = DIRECTION ( 'NONE',  ( 0.000000000000000000, -1.000000000000000000, 0.000000000000000000 ) ) ;
#1073 = CARTESIAN_POINT ( 'NONE',  ( 269.9999999999999432, 15.00000000000000000, -268.0000000000000000 ) ) ;
#1074 = ORIENTED_EDGE ( 'NONE', *, *, #964, .F. ) ;
#1075 = DIRECTION ( 'NONE',  ( 0.000000000000000000, 1.000000000000000000, 0.000000000000000000 ) ) ;
#1076 = DIRECTION ( 'NONE',  ( 0.000000000000000000, 0.000000000000000000, 1.000000000000000000 ) ) ;
#1077 = EDGE_CURVE ( 'NONE', #1169, #679, #948, .T. ) ;
#1078 = CARTESIAN_POINT ( 'NONE',  ( 149.9999999999999716, 186.0000000000000000, -200.0000000000000000 ) ) ;
#1079 = EDGE_LOOP ( 'NONE', ( #569, #1483, #664, #1395, #1117, #1315 ) ) ;
#1080 = EDGE_CURVE ( 'NONE', #881, #497, #718, .T. ) ;
#1081 = EDGE_CURVE ( 'NONE', #858, #1501, #870, .T. ) ;
#1082 = VERTEX_POINT ( 'NONE', #1321 ) ;
#1083 = AXIS2_PLACEMENT_3D ( 'NONE', #215, #1243, #1272 ) ;
#1084 = FACE_BOUND ( 'NONE', #1325, .T. ) ;
#1085 = VECTOR ( 'NONE', #1389, 1000.000000000000000 ) ;
#1086 = PLANE ( 'NONE',  #793 ) ;
#1087 = VECTOR ( 'NONE', #683, 1000.000000000000000 ) ;
#1088 = ORIENTED_EDGE ( 'NONE', *, *, #442, .T. ) ;
#1089 = EDGE_CURVE ( 'NONE', #510, #1501, #748, .T. ) ;
#1090 = EDGE_LOOP ( 'NONE', ( #1434, #50, #823, #1225 ) ) ;
#1091 = FACE_BOUND ( 'NONE', #892, .T. ) ;
#1092 = CARTESIAN_POINT ( 'NONE',  ( 249.9999999999999432, 45.00000000000000000, -120.0000000000000000 ) ) ;
#1093 = DIRECTION ( 'NONE',  ( 0.000000000000000000, 0.000000000000000000, 1.000000000000000000 ) ) ;
#1094 = FACE_OUTER_BOUND ( 'NONE', #880, .T. ) ;
#1095 = ORIENTED_EDGE ( 'NONE', *, *, #88, .F. ) ;
#1096 = EDGE_LOOP ( 'NONE', ( #24, #357, #1346, #729 ) ) ;
#1097 = LINE ( 'NONE', #980, #792 ) ;
#1098 = EDGE_CURVE ( 'NONE', #1014, #489, #1107, .T. ) ;
#1099 = CARTESIAN_POINT ( 'NONE',  ( 412.0000000000000000, 180.9999999999999432, -0.000000000000000000 ) ) ;
#1100 = DIRECTION ( 'NONE',  ( 1.000000000000000000, 0.000000000000000000, -0.000000000000000000 ) ) ;
#1101 = CARTESIAN_POINT ( 'NONE',  ( 149.9999999999999716, 186.0000000000000000, -200.0000000000000000 ) ) ;
#1102 = ORIENTED_EDGE ( 'NONE', *, *, #1429, .T. ) ;
#1103 = EDGE_CURVE ( 'NONE', #655, #309, #387, .T. ) ;
#1104 = VERTEX_POINT ( 'NONE', #1436 ) ;
#1105 = ORIENTED_EDGE ( 'NONE', *, *, #668, .F. ) ;
#1106 = EDGE_CURVE ( 'NONE', #246, #815, #1327, .T. ) ;
#1107 = LINE ( 'NONE', #1451, #1397 ) ;
#1108 = LINE ( 'NONE', #1334, #285 ) ;
#1109 = LINE ( 'NONE', #1329, #766 ) ;
#1110 = ORIENTED_EDGE ( 'NONE', *, *, #1143, .T. ) ;
#1111 = AXIS2_PLACEMENT_3D ( 'NONE', #1246, #1027, #448 ) ;
#1112 = EDGE_LOOP ( 'NONE', ( #78, #622, #1228, #275 ) ) ;
#1113 = LOCAL_TIME ( 21, 52, 39.00000000000000000, #436 ) ;
#1114 = ORIENTED_EDGE ( 'NONE', *, *, #135, .F. ) ;
#1115 = FACE_OUTER_BOUND ( 'NONE', #921, .T. ) ;
#1116 = CARTESIAN_POINT ( 'NONE',  ( 0.000000000000000000, 15.00000000000000000, -262.3999999999999773 ) ) ;
#1117 = ORIENTED_EDGE ( 'NONE', *, *, #1258, .T. ) ;
#1118 = ORIENTED_EDGE ( 'NONE', *, *, #345, .F. ) ;
#1119 = CC_DESIGN_PERSON_AND_ORGANIZATION_ASSIGNMENT ( #574, #927, ( #5 ) ) ;
#1120 = DIRECTION ( 'NONE',  ( -0.000000000000000000, -0.000000000000000000, -1.000000000000000000 ) ) ;
#1121 = DIRECTION ( 'NONE',  ( 0.000000000000000000, -1.000000000000000000, 0.000000000000000000 ) ) ;
#1122 = DIRECTION ( 'NONE',  ( -0.000000000000000000, -1.000000000000000000, 0.000000000000000000 ) ) ;
#1123 = PERSON_AND_ORGANIZATION ( #755, #547 ) ;
#1124 = VERTEX_POINT ( 'NONE', #1202 ) ;
#1125 = EDGE_CURVE ( 'NONE', #175, #655, #1188, .T. ) ;
#1126 = ORIENTED_EDGE ( 'NONE', *, *, #31, .T. ) ;
#1127 = ORIENTED_EDGE ( 'NONE', *, *, #1147, .F. ) ;
#1128 = LINE ( 'NONE', #893, #376 ) ;
#1129 = DIRECTION ( 'NONE',  ( -1.000000000000000000, -0.000000000000000000, -0.000000000000000000 ) ) ;
#1130 = LINE ( 'NONE', #894, #160 ) ;
#1131 = COORDINATED_UNIVERSAL_TIME_OFFSET ( 5, 30, .AHEAD. ) ;
#1132 = AXIS2_PLACEMENT_3D ( 'NONE', #254, #582, #460 ) ;
#1133 = EDGE_LOOP ( 'NONE', ( #383, #265, #338, #561 ) ) ;
#1134 = AXIS2_PLACEMENT_3D ( 'NONE', #576, #136, #122 ) ;
#1135 = VECTOR ( 'NONE', #701, 1000.000000000000000 ) ;
#1136 = VECTOR ( 'NONE', #1212, 1000.000000000000000 ) ;
#1137 = CARTESIAN_POINT ( 'NONE',  ( 149.9999999999999716, 15.00000000000000000, -156.9000000000000057 ) ) ;
#1138 = CARTESIAN_POINT ( 'NONE',  ( 0.000000000000000000, 71.00000000000000000, -0.000000000000000000 ) ) ;
#1139 = APPROVAL ( #1252, 'UNSPECIFIED' ) ;
#1140 = EDGE_LOOP ( 'NONE', ( #1074, #906 ) ) ;
#1141 = VERTEX_POINT ( 'NONE', #1310 ) ;
#1142 = CARTESIAN_POINT ( 'NONE',  ( 239.9999999999999716, 45.00000000000000000, -255.0000000000000000 ) ) ;
#1143 = EDGE_CURVE ( 'NONE', #489, #813, #271, .T. ) ;
#1144 = LINE ( 'NONE', #334, #117 ) ;
#1145 = EDGE_CURVE ( 'NONE', #1363, #1485, #46, .T. ) ;
#1146 = ORIENTED_EDGE ( 'NONE', *, *, #839, .T. ) ;
#1147 = EDGE_CURVE ( 'NONE', #105, #704, #288, .T. ) ;
#1148 = CARTESIAN_POINT ( 'NONE',  ( 9.999999999999921840, 15.00000000000000000, -268.0000000000000000 ) ) ;
#1149 = PLANE ( 'NONE',  #911 ) ;
#1150 = CARTESIAN_POINT ( 'NONE',  ( 160.3222456700906662, 0.000000000000000000, -195.0000000000000000 ) ) ;
#1151 = DIRECTION ( 'NONE',  ( 0.000000000000000000, 1.000000000000000000, 0.000000000000000000 ) ) ;
#1152 = DATE_AND_TIME ( #673, #1016 ) ;
#1153 = ADVANCED_FACE ( 'NONE', ( #61 ), #1086, .F. ) ;
#1154 = LINE ( 'NONE', #604, #39 ) ;
#1155 = ORIENTED_EDGE ( 'NONE', *, *, #124, .F. ) ;
#1156 = AXIS2_PLACEMENT_3D ( 'NONE', #681, #339, #438 ) ;
#1157 = VECTOR ( 'NONE', #652, 1000.000000000000000 ) ;
#1158 = DIRECTION ( 'NONE',  ( -0.000000000000000000, 1.000000000000000000, -0.000000000000000000 ) ) ;
#1159 = CARTESIAN_POINT ( 'NONE',  ( 142.3000000000000114, 5.000000000000000000, -358.0000000000000000 ) ) ;
#1160 = CARTESIAN_POINT ( 'NONE',  ( 234.9999999999999432, 45.00000000000000000, -255.0000000000000000 ) ) ;
#1161 = CARTESIAN_POINT ( 'NONE',  ( 224.9999999999999716, 45.00000000000000000, -120.0000000000000000 ) ) ;
#1162 = ORIENTED_EDGE ( 'NONE', *, *, #1403, .T. ) ;
#1163 = ADVANCED_FACE ( 'NONE', ( #499 ), #961, .T. ) ;
#1164 = PRODUCT_RELATED_PRODUCT_CATEGORY ( 'detail', '', ( #100 ) ) ;
#1165 = CARTESIAN_POINT ( 'NONE',  ( 5.000000000000000000, 5.000000000000000000, -262.3999999999999773 ) ) ;
#1166 = DIRECTION ( 'NONE',  ( 0.000000000000000000, 0.000000000000000000, -1.000000000000000000 ) ) ;
#1167 = DIRECTION ( 'NONE',  ( -0.000000000000000000, -0.000000000000000000, 1.000000000000000000 ) ) ;
#1168 = DIRECTION ( 'NONE',  ( 0.000000000000000000, 0.000000000000000000, 1.000000000000000000 ) ) ;
#1169 = VERTEX_POINT ( 'NONE', #1425 ) ;
#1170 = VERTEX_POINT ( 'NONE', #1211 ) ;
#1171 = DIRECTION ( 'NONE',  ( -0.000000000000000000, -0.000000000000000000, -1.000000000000000000 ) ) ;
#1172 = DIRECTION ( 'NONE',  ( 1.000000000000000000, 0.000000000000000000, 0.000000000000000000 ) ) ;
#1173 = FACE_OUTER_BOUND ( 'NONE', #1050, .T. ) ;
#1174 = CARTESIAN_POINT ( 'NONE',  ( 5.000000000000004441, 180.9999999999999432, -5.000000000000000000 ) ) ;
#1175 = ORIENTED_EDGE ( 'NONE', *, *, #1500, .F. ) ;
#1176 = AXIS2_PLACEMENT_3D ( 'NONE', #969, #975, #886 ) ;
#1177 = ORIENTED_EDGE ( 'NONE', *, *, #180, .T. ) ;
#1178 = CARTESIAN_POINT ( 'NONE',  ( 412.0000000000000000, 5.000000000000000000, -5.000000000000000000 ) ) ;
#1179 = VECTOR ( 'NONE', #1171, 1000.000000000000000 ) ;
#1180 = VECTOR ( 'NONE', #587, 1000.000000000000000 ) ;
#1181 = CARTESIAN_POINT ( 'NONE',  ( 412.0000000000000000, 180.9999999999999432, -5.000000000000000000 ) ) ;
#1182 = VECTOR ( 'NONE', #600, 1000.000000000000000 ) ;
#1183 = CARTESIAN_POINT ( 'NONE',  ( 0.000000000000000000, 5.000000000000000000, 0.000000000000000000 ) ) ;
#1184 = ORIENTED_EDGE ( 'NONE', *, *, #956, .F. ) ;
#1185 = DIRECTION ( 'NONE',  ( -1.000000000000000000, -0.000000000000000000, -0.000000000000000000 ) ) ;
#1186 = ADVANCED_FACE ( 'NONE', ( #634 ), #968, .F. ) ;
#1187 = CARTESIAN_POINT ( 'NONE',  ( 0.000000000000000000, 156.0000000000000000, -0.000000000000000000 ) ) ;
#1188 = LINE ( 'NONE', #181, #891 ) ;
#1189 = ORIENTED_EDGE ( 'NONE', *, *, #135, .T. ) ;
#1190 = ADVANCED_FACE ( 'NONE', ( #520 ), #848, .T. ) ;
#1191 = ORIENTED_EDGE ( 'NONE', *, *, #1147, .T. ) ;
#1192 = ORIENTED_EDGE ( 'NONE', *, *, #724, .T. ) ;
#1193 = CARTESIAN_POINT ( 'NONE',  ( 224.9999999999999716, 15.00000000000000000, -255.0000000000000000 ) ) ;
#1194 = CARTESIAN_POINT ( 'NONE',  ( 0.000000000000000000, 5.000000000000000000, -358.0000000000000000 ) ) ;
#1195 = CARTESIAN_POINT ( 'NONE',  ( 249.9999999999999147, 45.00000000000000000, -255.0000000000000000 ) ) ;
#1196 = EDGE_CURVE ( 'NONE', #963, #37, #173, .T. ) ;
#1197 = EDGE_LOOP ( 'NONE', ( #852, #307, #514, #966 ) ) ;
#1198 = ORIENTED_EDGE ( 'NONE', *, *, #422, .F. ) ;
#1199 = ORIENTED_EDGE ( 'NONE', *, *, #784, .T. ) ;
#1200 = AXIS2_PLACEMENT_3D ( 'NONE', #583, #144, #1076 ) ;
#1201 = AXIS2_PLACEMENT_3D ( 'NONE', #1078, #52, #512 ) ;
#1202 = CARTESIAN_POINT ( 'NONE',  ( 0.000000000000000000, 71.00000000000000000, -195.0000000000000000 ) ) ;
#1203 = LINE ( 'NONE', #174, #1066 ) ;
#1204 = LINE ( 'NONE', #1003, #194 ) ;
#1205 = VECTOR ( 'NONE', #477, 1000.000000000000000 ) ;
#1206 = ORIENTED_EDGE ( 'NONE', *, *, #770, .F. ) ;
#1207 = EDGE_CURVE ( 'NONE', #325, #523, #629, .T. ) ;
#1208 = ORIENTED_EDGE ( 'NONE', *, *, #580, .F. ) ;
#1209 = CARTESIAN_POINT ( 'NONE',  ( 5.000000000000000000, 5.000000000000000000, -5.000000000000000000 ) ) ;
#1210 = EDGE_CURVE ( 'NONE', #1058, #1363, #356, .T. ) ;
#1211 = CARTESIAN_POINT ( 'NONE',  ( 270.0000000000000000, 15.00000000000000000, -8.000000000000007105 ) ) ;
#1212 = DIRECTION ( 'NONE',  ( -0.000000000000000000, 1.000000000000000000, -0.000000000000000000 ) ) ;
#1213 = ORIENTED_EDGE ( 'NONE', *, *, #486, .F. ) ;
#1214 = EDGE_CURVE ( 'NONE', #1427, #325, #982, .T. ) ;
#1215 = EDGE_LOOP ( 'NONE', ( #351, #281, #1489, #252 ) ) ;
#1216 = DIRECTION ( 'NONE',  ( 2.055968564120660023E-16, 0.000000000000000000, 1.000000000000000000 ) ) ;
#1217 = CARTESIAN_POINT ( 'NONE',  ( 239.9999999999999716, 45.00000000000000000, -255.0000000000000000 ) ) ;
#1218 = LINE ( 'NONE', #289, #578 ) ;
#1219 = ORIENTED_EDGE ( 'NONE', *, *, #807, .F. ) ;
#1220 = ORIENTED_EDGE ( 'NONE', *, *, #396, .T. ) ;
#1221 = EDGE_LOOP ( 'NONE', ( #1254, #1494, #613, #1294 ) ) ;
#1222 = VECTOR ( 'NONE', #473, 1000.000000000000000 ) ;
#1223 = CARTESIAN_POINT ( 'NONE',  ( 412.0000000000000000, 5.000000000000000000, -353.0000000000000000 ) ) ;
#1224 = CARTESIAN_POINT ( 'NONE',  ( 239.9999999999999716, 45.00000000000000000, -120.0000000000000000 ) ) ;
#1225 = ORIENTED_EDGE ( 'NONE', *, *, #997, .F. ) ;
#1226 = AXIS2_PLACEMENT_3D ( 'NONE', #1370, #435, #1011 ) ;
#1227 = AXIS2_PLACEMENT_3D ( 'NONE', #47, #1445, #1032 ) ;
#1228 = ORIENTED_EDGE ( 'NONE', *, *, #375, .F. ) ;
#1229 =( GEOMETRIC_REPRESENTATION_CONTEXT ( 3 ) GLOBAL_UNCERTAINTY_ASSIGNED_CONTEXT ( ( #747 ) ) GLOBAL_UNIT_ASSIGNED_CONTEXT ( ( #507, #195, #501 ) ) REPRESENTATION_CONTEXT ( 'NONE', 'WORKASPACE' ) );
#1230 = AXIS2_PLACEMENT_3D ( 'NONE', #62, #1432, #1322 ) ;
#1231 = EDGE_CURVE ( 'NONE', #44, #754, #91, .T. ) ;
#1232 = CARTESIAN_POINT ( 'NONE',  ( 142.3000000000000114, 15.00000000000000000, -262.3999999999999773 ) ) ;
#1233 = EDGE_CURVE ( 'NONE', #299, #1104, #699, .T. ) ;
#1234 = CARTESIAN_POINT ( 'NONE',  ( 239.9999999999999716, 45.00000000000000000, -120.0000000000000000 ) ) ;
#1235 = CARTESIAN_POINT ( 'NONE',  ( 142.3000000000000114, 105.0000000000000142, -358.0000000000000000 ) ) ;
#1236 = EDGE_LOOP ( 'NONE', ( #680, #735 ) ) ;
#1237 = DIRECTION ( 'NONE',  ( 2.135044278125300850E-16, 0.000000000000000000, 1.000000000000000000 ) ) ;
#1238 = ORIENTED_EDGE ( 'NONE', *, *, #770, .T. ) ;
#1239 = EDGE_CURVE ( 'NONE', #754, #687, #549, .T. ) ;
#1240 = ORIENTED_EDGE ( 'NONE', *, *, #956, .T. ) ;
#1241 = LINE ( 'NONE', #1040, #468 ) ;
#1242 = LINE ( 'NONE', #1223, #259 ) ;
#1243 = DIRECTION ( 'NONE',  ( 0.000000000000000000, 0.000000000000000000, -1.000000000000000000 ) ) ;
#1244 = PERSON_AND_ORGANIZATION ( #755, #547 ) ;
#1245 = EDGE_CURVE ( 'NONE', #813, #1488, #1480, .T. ) ;
#1246 = CARTESIAN_POINT ( 'NONE',  ( 149.9999999999999716, 45.00000000000000000, -200.0000000000000000 ) ) ;
#1247 = ORIENTED_EDGE ( 'NONE', *, *, #1418, .T. ) ;
#1248 = ORIENTED_EDGE ( 'NONE', *, *, #691, .T. ) ;
#1249 = FACE_BOUND ( 'NONE', #1477, .T. ) ;
#1250 = CARTESIAN_POINT ( 'NONE',  ( 417.0000000000000000, 0.000000000000000000, 0.000000000000000000 ) ) ;
#1251 = DIRECTION ( 'NONE',  ( 1.000000000000000000, 0.000000000000000000, 0.000000000000000000 ) ) ;
#1252 = APPROVAL_STATUS ( 'not_yet_approved' ) ;
#1253 = VECTOR ( 'NONE', #1172, 1000.000000000000000 ) ;
#1254 = ORIENTED_EDGE ( 'NONE', *, *, #920, .F. ) ;
#1255 = VECTOR ( 'NONE', #1342, 1000.000000000000000 ) ;
#1256 = AXIS2_PLACEMENT_3D ( 'NONE', #946, #713, #298 ) ;
#1257 = CARTESIAN_POINT ( 'NONE',  ( 5.000000000000004441, 71.00000000000000000, -65.00000000000000000 ) ) ;
#1258 = EDGE_CURVE ( 'NONE', #306, #1308, #416, .T. ) ;
#1259 = CARTESIAN_POINT ( 'NONE',  ( 417.0000000000000000, 5.000000000000000000, 0.000000000000000000 ) ) ;
#1260 = EDGE_CURVE ( 'NONE', #754, #1124, #208, .T. ) ;
#1261 = CALENDAR_DATE ( 2026, 13, 5 ) ;
#1262 = ORIENTED_EDGE ( 'NONE', *, *, #1145, .T. ) ;
#1263 = EDGE_CURVE ( 'NONE', #178, #77, #885, .T. ) ;
#1264 = FACE_OUTER_BOUND ( 'NONE', #567, .T. ) ;
#1265 = DIRECTION ( 'NONE',  ( -2.312964634635742957E-16, 0.000000000000000000, -1.000000000000000000 ) ) ;
#1266 = DATE_TIME_ROLE ( 'creation_date' ) ;
#1267 = ORIENTED_EDGE ( 'NONE', *, *, #877, .T. ) ;
#1268 = CARTESIAN_POINT ( 'NONE',  ( 9.999999999999998224, 15.00000000000000000, -8.000000000000007105 ) ) ;
#1269 = ORIENTED_EDGE ( 'NONE', *, *, #267, .F. ) ;
#1270 = CARTESIAN_POINT ( 'NONE',  ( 9.999999999999921840, 15.00000000000000000, -268.0000000000000000 ) ) ;
#1271 = LINE ( 'NONE', #243, #1135 ) ;
#1272 = DIRECTION ( 'NONE',  ( -1.000000000000000000, 0.000000000000000000, -0.000000000000000000 ) ) ;
#1273 = DIRECTION ( 'NONE',  ( -1.000000000000000000, 0.000000000000000000, -0.000000000000000000 ) ) ;
#1274 = EDGE_CURVE ( 'NONE', #955, #1141, #70, .T. ) ;
#1275 = ORIENTED_EDGE ( 'NONE', *, *, #580, .T. ) ;
#1276 = AXIS2_PLACEMENT_3D ( 'NONE', #120, #588, #11 ) ;
#1277 = AXIS2_PLACEMENT_3D ( 'NONE', #1049, #1043, #941 ) ;
#1278 = EDGE_LOOP ( 'NONE', ( #168, #850, #1449, #440 ) ) ;
#1279 = CARTESIAN_POINT ( 'NONE',  ( 412.0000000000000000, 5.000000000000000000, -5.000000000000000000 ) ) ;
#1280 = CARTESIAN_POINT ( 'NONE',  ( 0.000000000000000000, 186.0000000000000000, 0.000000000000000000 ) ) ;
#1281 = FACE_OUTER_BOUND ( 'NONE', #346, .T. ) ;
#1282 = CARTESIAN_POINT ( 'NONE',  ( 5.000000000000004441, 156.0000000000000000, -65.00000000000000000 ) ) ;
#1283 = EDGE_LOOP ( 'NONE', ( #385, #531, #360, #429 ) ) ;
#1284 = ORIENTED_EDGE ( 'NONE', *, *, #1125, .F. ) ;
#1285 = DIRECTION ( 'NONE',  ( -0.000000000000000000, -1.000000000000000000, -0.000000000000000000 ) ) ;
#1286 = CARTESIAN_POINT ( 'NONE',  ( 224.9999999999999716, 45.00000000000000000, -255.0000000000000000 ) ) ;
#1287 = DIRECTION ( 'NONE',  ( -0.000000000000000000, -1.000000000000000000, -0.000000000000000000 ) ) ;
#1288 = CARTESIAN_POINT ( 'NONE',  ( 9.999999999999998224, 15.00000000000000000, -8.000000000000007105 ) ) ;
#1289 = ORIENTED_EDGE ( 'NONE', *, *, #1103, .T. ) ;
#1290 = DIRECTION ( 'NONE',  ( -0.000000000000000000, -1.000000000000000000, -0.000000000000000000 ) ) ;
#1291 = CARTESIAN_POINT ( 'NONE',  ( 412.0000000000000000, 186.0000000000000000, -5.000000000000000000 ) ) ;
#1292 = LINE ( 'NONE', #467, #395 ) ;
#1293 = DIRECTION ( 'NONE',  ( -0.000000000000000000, -1.000000000000000000, -0.000000000000000000 ) ) ;
#1294 = ORIENTED_EDGE ( 'NONE', *, *, #190, .F. ) ;
#1295 = EDGE_CURVE ( 'NONE', #1474, #77, #327, .T. ) ;
#1296 = DIRECTION ( 'NONE',  ( -1.000000000000000000, 0.000000000000000000, 0.000000000000000000 ) ) ;
#1297 = CARTESIAN_POINT ( 'NONE',  ( 219.9999999999999716, 45.00000000000000000, -120.0000000000000000 ) ) ;
#1298 = VECTOR ( 'NONE', #553, 1000.000000000000000 ) ;
#1299 = VECTOR ( 'NONE', #752, 1000.000000000000000 ) ;
#1300 = DIRECTION ( 'NONE',  ( 1.000000000000000000, 0.000000000000000000, 0.000000000000000000 ) ) ;
#1301 = VECTOR ( 'NONE', #1438, 1000.000000000000000 ) ;
#1302 = VECTOR ( 'NONE', #500, 1000.000000000000000 ) ;
#1303 = ADVANCED_FACE ( 'NONE', ( #1019 ), #908, .T. ) ;
#1304 = CARTESIAN_POINT ( 'NONE',  ( 39.99999999999995737, 186.0000000000000000, -20.00000000000000000 ) ) ;
#1305 = DIRECTION ( 'NONE',  ( 0.000000000000000000, 0.000000000000000000, 1.000000000000000000 ) ) ;
#1306 = ORIENTED_EDGE ( 'NONE', *, *, #943, .F. ) ;
#1307 = EDGE_CURVE ( 'NONE', #268, #1488, #434, .T. ) ;
#1308 = VERTEX_POINT ( 'NONE', #192 ) ;
#1309 = DIRECTION ( 'NONE',  ( -4.625929269271485914E-16, 0.000000000000000000, -1.000000000000000000 ) ) ;
#1310 = CARTESIAN_POINT ( 'NONE',  ( 39.99999999999992895, 186.0000000000000000, -140.0000000000000000 ) ) ;
#1311 = ORIENTED_EDGE ( 'NONE', *, *, #190, .T. ) ;
#1312 = ORIENTED_EDGE ( 'NONE', *, *, #441, .F. ) ;
#1313 = DIRECTION ( 'NONE',  ( -1.000000000000000000, 0.000000000000000000, -0.000000000000000000 ) ) ;
#1314 = DIRECTION ( 'NONE',  ( -4.625929269271485914E-16, 0.000000000000000000, -1.000000000000000000 ) ) ;
#1315 = ORIENTED_EDGE ( 'NONE', *, *, #1339, .F. ) ;
#1316 = EDGE_CURVE ( 'NONE', #1440, #1485, #1442, .T. ) ;
#1317 = VERTEX_POINT ( 'NONE', #1279 ) ;
#1318 = VECTOR ( 'NONE', #242, 1000.000000000000000 ) ;
#1319 = DIRECTION ( 'NONE',  ( -1.000000000000000000, 0.000000000000000000, 2.312964634635742957E-16 ) ) ;
#1320 = AXIS2_PLACEMENT_3D ( 'NONE', #1024, #126, #771 ) ;
#1321 = CARTESIAN_POINT ( 'NONE',  ( 159.9999999999999432, 180.9999999999999432, -140.0000000000000000 ) ) ;
#1322 = DIRECTION ( 'NONE',  ( -1.000000000000000000, 0.000000000000000000, -0.000000000000000000 ) ) ;
#1323 = CARTESIAN_POINT ( 'NONE',  ( 0.000000000000000000, 186.0000000000000000, -358.0000000000000000 ) ) ;
#1324 = ORIENTED_EDGE ( 'NONE', *, *, #1089, .T. ) ;
#1325 = EDGE_LOOP ( 'NONE', ( #1213, #1155, #648, #225 ) ) ;
#1326 = FACE_OUTER_BOUND ( 'NONE', #829, .T. ) ;
#1327 = LINE ( 'NONE', #1194, #640 ) ;
#1328 = CARTESIAN_POINT ( 'NONE',  ( 254.9999999999999432, 45.00000000000000000, -255.0000000000000000 ) ) ;
#1329 = CARTESIAN_POINT ( 'NONE',  ( 249.9999999999999147, 15.00000000000000000, -255.0000000000000000 ) ) ;
#1330 = ORIENTED_EDGE ( 'NONE', *, *, #1, .F. ) ;
#1331 = EDGE_LOOP ( 'NONE', ( #1269, #984, #1199, #598 ) ) ;
#1332 = CARTESIAN_POINT ( 'NONE',  ( 160.3222456700906662, 71.00000000000000000, 0.000000000000000000 ) ) ;
#1333 = DIRECTION ( 'NONE',  ( 0.000000000000000000, 0.000000000000000000, 1.000000000000000000 ) ) ;
#1334 = CARTESIAN_POINT ( 'NONE',  ( 160.0000000000000000, 186.0000000000000000, -20.00000000000000000 ) ) ;
#1335 = DIRECTION ( 'NONE',  ( -1.000000000000000000, -0.000000000000000000, -0.000000000000000000 ) ) ;
#1336 = EDGE_LOOP ( 'NONE', ( #868, #697, #169, #1102 ) ) ;
#1337 = EDGE_LOOP ( 'NONE', ( #970, #525 ) ) ;
#1338 = EDGE_CURVE ( 'NONE', #221, #813, #80, .T. ) ;
#1339 = EDGE_CURVE ( 'NONE', #394, #1308, #1242, .T. ) ;
#1340 = FACE_BOUND ( 'NONE', #1090, .T. ) ;
#1341 = CIRCLE ( 'NONE', #1200, 43.10000000000000142 ) ;
#1342 = DIRECTION ( 'NONE',  ( 0.000000000000000000, -1.000000000000000000, 0.000000000000000000 ) ) ;
#1343 = EDGE_LOOP ( 'NONE', ( #336, #1192, #1208, #781 ) ) ;
#1344 = VECTOR ( 'NONE', #1121, 1000.000000000000000 ) ;
#1345 = EDGE_CURVE ( 'NONE', #138, #523, #936, .T. ) ;
#1346 = ORIENTED_EDGE ( 'NONE', *, *, #656, .T. ) ;
#1347 = ORIENTED_EDGE ( 'NONE', *, *, #533, .T. ) ;
#1348 = DIRECTION ( 'NONE',  ( 0.000000000000000000, 0.000000000000000000, -1.000000000000000000 ) ) ;
#1349 = EDGE_CURVE ( 'NONE', #1058, #1440, #538, .T. ) ;
#1350 = DIRECTION ( 'NONE',  ( 1.000000000000000000, -0.000000000000000000, -0.000000000000000000 ) ) ;
#1351 = CARTESIAN_POINT ( 'NONE',  ( 142.3000000000000398, 105.0000000000000142, -353.0000000000000000 ) ) ;
#1352 = CALENDAR_DATE ( 2026, 13, 5 ) ;
#1353 = ORIENTED_EDGE ( 'NONE', *, *, #441, .T. ) ;
#1354 = LINE ( 'NONE', #663, #960 ) ;
#1355 = EDGE_LOOP ( 'NONE', ( #272, #743, #768, #972 ) ) ;
#1356 = ORIENTED_EDGE ( 'NONE', *, *, #1274, .T. ) ;
#1357 = LINE ( 'NONE', #326, #817 ) ;
#1358 = DIRECTION ( 'NONE',  ( 0.000000000000000000, 0.000000000000000000, 1.000000000000000000 ) ) ;
#1359 = LINE ( 'NONE', #234, #795 ) ;
#1360 = FACE_OUTER_BOUND ( 'NONE', #783, .T. ) ;
#1361 = DATE_AND_TIME ( #1261, #260 ) ;
#1362 = CARTESIAN_POINT ( 'NONE',  ( 160.3222456700906662, 156.0000000000000000, 0.000000000000000000 ) ) ;
#1363 = VERTEX_POINT ( 'NONE', #1009 ) ;
#1364 = ADVANCED_FACE ( 'NONE', ( #1115 ), #465, .F. ) ;
#1365 = PRODUCT_DEFINITION_SHAPE ( 'NONE', 'NONE',  #5 ) ;
#1366 = ADVANCED_FACE ( 'NONE', ( #1094, #72 ), #849, .F. ) ;
#1367 = FACE_OUTER_BOUND ( 'NONE', #1021, .T. ) ;
#1368 = DIRECTION ( 'NONE',  ( -0.000000000000000000, -1.000000000000000000, -0.000000000000000000 ) ) ;
#1369 = CARTESIAN_POINT ( 'NONE',  ( 39.99999999999995737, 180.9999999999999432, -20.00000000000000000 ) ) ;
#1370 = CARTESIAN_POINT ( 'NONE',  ( 149.9999999999999716, 15.00000000000000000, -200.0000000000000000 ) ) ;
#1371 = CARTESIAN_POINT ( 'NONE',  ( 0.000000000000000000, 0.000000000000000000, 0.000000000000000000 ) ) ;
#1372 = AXIS2_PLACEMENT_3D ( 'NONE', #1379, #682, #455 ) ;
#1373 = DIRECTION ( 'NONE',  ( -0.000000000000000000, -1.000000000000000000, -0.000000000000000000 ) ) ;
#1374 = VECTOR ( 'NONE', #769, 1000.000000000000000 ) ;
#1375 = ORIENTED_EDGE ( 'NONE', *, *, #227, .F. ) ;
#1376 = EDGE_CURVE ( 'NONE', #679, #1104, #575, .T. ) ;
#1377 = VECTOR ( 'NONE', #1333, 1000.000000000000000 ) ;
#1378 = CARTESIAN_POINT ( 'NONE',  ( 142.3000000000000114, 5.000000000000000000, -268.0000000000000000 ) ) ;
#1379 = CARTESIAN_POINT ( 'NONE',  ( 249.9999999999999432, 45.00000000000000000, -120.0000000000000000 ) ) ;
#1380 = CARTESIAN_POINT ( 'NONE',  ( 39.99999999999995737, 11.29437251522846708, -20.00000000000000000 ) ) ;
#1381 = APPROVAL_ROLE ( '' ) ;
#1382 = FACE_OUTER_BOUND ( 'NONE', #373, .T. ) ;
#1383 = ORIENTED_EDGE ( 'NONE', *, *, #831, .T. ) ;
#1384 = LINE ( 'NONE', #157, #722 ) ;
#1385 = ORIENTED_EDGE ( 'NONE', *, *, #396, .F. ) ;
#1386 = FACE_OUTER_BOUND ( 'NONE', #290, .T. ) ;
#1387 = EDGE_CURVE ( 'NONE', #750, #1141, #904, .T. ) ;
#1388 = PERSON_AND_ORGANIZATION ( #755, #547 ) ;
#1389 = DIRECTION ( 'NONE',  ( -0.000000000000000000, -1.000000000000000000, -0.000000000000000000 ) ) ;
#1390 = EDGE_LOOP ( 'NONE', ( #197, #1306, #757, #220 ) ) ;
#1391 = CARTESIAN_POINT ( 'NONE',  ( 417.0000000000000000, 0.000000000000000000, -358.0000000000000000 ) ) ;
#1392 = CARTESIAN_POINT ( 'NONE',  ( 9.999999999999923617, 15.00000000000000000, -262.3999999999999773 ) ) ;
#1393 = ADVANCED_FACE ( 'NONE', ( #1360 ), #556, .F. ) ;
#1394 = DIRECTION ( 'NONE',  ( 1.000000000000000000, 0.000000000000000000, -0.000000000000000000 ) ) ;
#1395 = ORIENTED_EDGE ( 'NONE', *, *, #25, .F. ) ;
#1396 = AXIS2_PLACEMENT_3D ( 'NONE', #1160, #1402, #1415 ) ;
#1397 = VECTOR ( 'NONE', #409, 1000.000000000000000 ) ;
#1398 = CARTESIAN_POINT ( 'NONE',  ( 5.000000000000004441, 180.9999999999999432, 0.000000000000000000 ) ) ;
#1399 = VECTOR ( 'NONE', #530, 1000.000000000000000 ) ;
#1400 = LINE ( 'NONE', #1053, #958 ) ;
#1401 = VECTOR ( 'NONE', #772, 1000.000000000000000 ) ;
#1402 = DIRECTION ( 'NONE',  ( 1.000000000000000000, 0.000000000000000000, -2.055968564120660023E-16 ) ) ;
#1403 = EDGE_CURVE ( 'NONE', #1488, #140, #340, .T. ) ;
#1404 = ORIENTED_EDGE ( 'NONE', *, *, #537, .T. ) ;
#1405 = PLANE ( 'NONE',  #548 ) ;
#1406 = LINE ( 'NONE', #127, #1318 ) ;
#1407 = DIRECTION ( 'NONE',  ( 0.000000000000000000, 0.000000000000000000, 1.000000000000000000 ) ) ;
#1408 = CARTESIAN_POINT ( 'NONE',  ( 9.999999999999998224, 15.00000000000000000, -8.000000000000007105 ) ) ;
#1409 = FACE_OUTER_BOUND ( 'NONE', #828, .T. ) ;
#1410 = VERTEX_POINT ( 'NONE', #1286 ) ;
#1411 = EDGE_CURVE ( 'NONE', #178, #246, #1271, .T. ) ;
#1412 = EDGE_LOOP ( 'NONE', ( #1162, #399, #1105, #7 ) ) ;
#1413 = FACE_OUTER_BOUND ( 'NONE', #1079, .T. ) ;
#1414 = ADVANCED_FACE ( 'NONE', ( #20 ), #474, .F. ) ;
#1415 = DIRECTION ( 'NONE',  ( -2.055968564120660023E-16, 0.000000000000000000, -1.000000000000000000 ) ) ;
#1416 = DIRECTION ( 'NONE',  ( -0.000000000000000000, -1.000000000000000000, -0.000000000000000000 ) ) ;
#1417 = ORIENTED_EDGE ( 'NONE', *, *, #1037, .F. ) ;
#1418 = EDGE_CURVE ( 'NONE', #246, #881, #403, .T. ) ;
#1419 = VECTOR ( 'NONE', #353, 1000.000000000000000 ) ;
#1420 = AXIS2_PLACEMENT_3D ( 'NONE', #210, #76, #224 ) ;
#1421 = ORIENTED_EDGE ( 'NONE', *, *, #1260, .T. ) ;
#1422 = FACE_OUTER_BOUND ( 'NONE', #1112, .T. ) ;
#1423 = AXIS2_PLACEMENT_3D ( 'NONE', #1101, #872, #862 ) ;
#1424 = AXIS2_PLACEMENT_3D ( 'NONE', #417, #1122, #193 ) ;
#1425 = CARTESIAN_POINT ( 'NONE',  ( 149.9999999999999716, 45.00000000000000000, -156.9000000000000057 ) ) ;
#1426 = ORIENTED_EDGE ( 'NONE', *, *, #691, .F. ) ;
#1427 = VERTEX_POINT ( 'NONE', #631 ) ;
#1428 = DIRECTION ( 'NONE',  ( 0.000000000000000000, 1.000000000000000000, -0.000000000000000000 ) ) ;
#1429 = EDGE_CURVE ( 'NONE', #996, #666, #1204, .T. ) ;
#1430 = APPROVAL ( #798, 'UNSPECIFIED' ) ;
#1431 = CARTESIAN_POINT ( 'NONE',  ( 1.170762339984869499E-14, 105.0000000000000142, -262.3999999999999773 ) ) ;
#1432 = DIRECTION ( 'NONE',  ( 0.000000000000000000, 0.000000000000000000, -1.000000000000000000 ) ) ;
#1433 = CARTESIAN_POINT ( 'NONE',  ( 0.000000000000000000, 156.0000000000000000, -195.0000000000000000 ) ) ;
#1434 = ORIENTED_EDGE ( 'NONE', *, *, #537, .F. ) ;
#1435 = DIRECTION ( 'NONE',  ( 0.000000000000000000, -0.000000000000000000, -1.000000000000000000 ) ) ;
#1436 = CARTESIAN_POINT ( 'NONE',  ( 149.9999999999999716, 15.00000000000000000, -243.1000000000000227 ) ) ;
#1437 = LINE ( 'NONE', #393, #1401 ) ;
#1438 = DIRECTION ( 'NONE',  ( 4.625929269271485914E-16, 0.000000000000000000, 1.000000000000000000 ) ) ;
#1439 = EDGE_LOOP ( 'NONE', ( #1238, #1184, #1114, #1275 ) ) ;
#1440 = VERTEX_POINT ( 'NONE', #167 ) ;
#1441 = AXIS2_PLACEMENT_3D ( 'NONE', #189, #526, #386 ) ;
#1442 = CIRCLE ( 'NONE', #335, 43.10000000000000142 ) ;
#1443 = CARTESIAN_POINT ( 'NONE',  ( 269.9999999999999432, 5.000000000000000000, -268.0000000000000000 ) ) ;
#1444 = CARTESIAN_POINT ( 'NONE',  ( 39.99999999999992895, 11.29437251522846708, -140.0000000000000000 ) ) ;
#1445 = DIRECTION ( 'NONE',  ( 1.000000000000000000, -0.000000000000000000, 0.000000000000000000 ) ) ;
#1446 = CC_DESIGN_APPROVAL ( #1430, ( #5 ) ) ;
#1447 = AXIS2_PLACEMENT_3D ( 'NONE', #446, #1151, #671 ) ;
#1448 = ORIENTED_EDGE ( 'NONE', *, *, #997, .T. ) ;
#1449 = ORIENTED_EDGE ( 'NONE', *, *, #847, .F. ) ;
#1450 = CARTESIAN_POINT ( 'NONE',  ( 9.999999999999998224, 15.00000000000000000, -8.000000000000007105 ) ) ;
#1451 = CARTESIAN_POINT ( 'NONE',  ( 234.9999999999999432, 45.00000000000000000, -255.0000000000000000 ) ) ;
#1452 = CARTESIAN_POINT ( 'NONE',  ( 0.000000000000000000, 186.0000000000000000, -358.0000000000000000 ) ) ;
#1453 = CARTESIAN_POINT ( 'NONE',  ( 149.9999999999999716, 180.9999999999999432, -156.9000000000000057 ) ) ;
#1454 = ORIENTED_EDGE ( 'NONE', *, *, #269, .T. ) ;
#1455 = EDGE_CURVE ( 'NONE', #1363, #1058, #821, .T. ) ;
#1456 = EDGE_LOOP ( 'NONE', ( #1375, #54, #1426, #57, #890, #1267 ) ) ;
#1457 = EDGE_LOOP ( 'NONE', ( #1198, #185, #888, #368 ) ) ;
#1458 = FACE_BOUND ( 'NONE', #130, .T. ) ;
#1459 = EDGE_CURVE ( 'NONE', #293, #274, #522, .T. ) ;
#1460 = DESIGN_CONTEXT ( 'detailed design', #162, 'design' ) ;
#1461 = CARTESIAN_POINT ( 'NONE',  ( 234.9999999999999716, 15.00000000000000000, -120.0000000000000000 ) ) ;
#1462 = LINE ( 'NONE', #1116, #981 ) ;
#1463 = DIRECTION ( 'NONE',  ( -0.000000000000000000, -1.000000000000000000, -0.000000000000000000 ) ) ;
#1464 = VERTEX_POINT ( 'NONE', #1433 ) ;
#1465 = PLANE ( 'NONE',  #310 ) ;
#1466 = ORIENTED_EDGE ( 'NONE', *, *, #1338, .F. ) ;
#1467 = EDGE_CURVE ( 'NONE', #559, #175, #1109, .T. ) ;
#1468 = ORIENTED_EDGE ( 'NONE', *, *, #1345, .F. ) ;
#1469 = CARTESIAN_POINT ( 'NONE',  ( 5.000000000000004441, 71.00000000000000000, -195.0000000000000000 ) ) ;
#1470 = VECTOR ( 'NONE', #992, 1000.000000000000000 ) ;
#1471 = CARTESIAN_POINT ( 'NONE',  ( 412.0000000000000000, 5.000000000000000000, -353.0000000000000000 ) ) ;
#1472 = DIRECTION ( 'NONE',  ( 1.000000000000000000, 0.000000000000000000, 0.000000000000000000 ) ) ;
#1473 = APPLICATION_PROTOCOL_DEFINITION ( 'international standard', 'config_control_design', 1994, #162 ) ;
#1474 = VERTEX_POINT ( 'NONE', #995 ) ;
#1475 = VECTOR ( 'NONE', #860, 1000.000000000000000 ) ;
#1476 = DIRECTION ( 'NONE',  ( 0.000000000000000000, 0.000000000000000000, 1.000000000000000000 ) ) ;
#1477 = EDGE_LOOP ( 'NONE', ( #950, #579, #1385, #1004 ) ) ;
#1478 = ORIENTED_EDGE ( 'NONE', *, *, #1125, .T. ) ;
#1479 = DIRECTION ( 'NONE',  ( -0.000000000000000000, -1.000000000000000000, -0.000000000000000000 ) ) ;
#1480 = LINE ( 'NONE', #1461, #1157 ) ;
#1481 = CARTESIAN_POINT ( 'NONE',  ( 412.0000000000000000, 180.9999999999999432, -353.0000000000000000 ) ) ;
#1482 = CARTESIAN_POINT ( 'NONE',  ( 269.9999999999999432, 15.00000000000000000, -268.0000000000000000 ) ) ;
#1483 = ORIENTED_EDGE ( 'NONE', *, *, #1214, .F. ) ;
#1484 = EDGE_CURVE ( 'NONE', #309, #559, #64, .T. ) ;
#1485 = VERTEX_POINT ( 'NONE', #1453 ) ;
#1486 = DIRECTION ( 'NONE',  ( 0.000000000000000000, 0.000000000000000000, -1.000000000000000000 ) ) ;
#1487 = EDGE_CURVE ( 'NONE', #221, #268, #48, .T. ) ;
#1488 = VERTEX_POINT ( 'NONE', #411 ) ;
#1489 = ORIENTED_EDGE ( 'NONE', *, *, #1387, .T. ) ;
#1490 = CARTESIAN_POINT ( 'NONE',  ( 219.9999999999999432, 45.00000000000000000, -255.0000000000000000 ) ) ;
#1491 = FACE_OUTER_BOUND ( 'NONE', #1133, .T. ) ;
#1492 = FACE_OUTER_BOUND ( 'NONE', #728, .T. ) ;
#1493 = AXIS2_PLACEMENT_3D ( 'NONE', #1259, #104, #563 ) ;
#1494 = ORIENTED_EDGE ( 'NONE', *, *, #853, .F. ) ;
#1495 = VECTOR ( 'NONE', #1072, 1000.000000000000000 ) ;
#1496 = DIRECTION ( 'NONE',  ( 2.935685882422288853E-16, 0.000000000000000000, 1.000000000000000000 ) ) ;
#1497 = CARTESIAN_POINT ( 'NONE',  ( 412.0000000000000000, 186.0000000000000000, -353.0000000000000000 ) ) ;
#1498 = DIRECTION ( 'NONE',  ( -0.000000000000000000, 1.000000000000000000, -0.000000000000000000 ) ) ;
#1499 = DIRECTION ( 'NONE',  ( 0.000000000000000000, -0.000000000000000000, 1.000000000000000000 ) ) ;
#1500 = EDGE_CURVE ( 'NONE', #1082, #470, #887, .T. ) ;
#1501 = VERTEX_POINT ( 'NONE', #739 ) ;
ENDSEC;
END-ISO-10303-21;
