ISO-10303-21;
HEADER;
FILE_DESCRIPTION (( 'STEP AP214' ),
    '1' );
FILE_NAME ('casing.STEP',
    '2026-05-13T16:22:27',
    ( '' ),
    ( '' ),
    'SwSTEP 2.0',
    'SolidWorks 2023',
    '' );
FILE_SCHEMA (( 'AUTOMOTIVE_DESIGN' ));
ENDSEC;

DATA;
#1 = FACE_OUTER_BOUND ( 'NONE', #1193, .T. ) ;
#2 = CARTESIAN_POINT ( 'NONE',  ( 39.99999999999992895, 11.29437251522846708, -140.0000000000000000 ) ) ;
#3 = PLANE ( 'NONE',  #607 ) ;
#4 = FACE_OUTER_BOUND ( 'NONE', #943, .T. ) ;
#5 = EDGE_CURVE ( 'NONE', #182, #763, #563, .T. ) ;
#6 = ORIENTED_EDGE ( 'NONE', *, *, #549, .F. ) ;
#7 = LINE ( 'NONE', #585, #1065 ) ;
#8 = ADVANCED_FACE ( 'NONE', ( #915 ), #341, .F. ) ;
#9 = DIRECTION ( 'NONE',  ( 0.000000000000000000, 0.000000000000000000, 1.000000000000000000 ) ) ;
#10 = FACE_OUTER_BOUND ( 'NONE', #1152, .T. ) ;
#11 = FILL_AREA_STYLE_COLOUR ( '', #606 ) ;
#12 = AXIS2_PLACEMENT_3D ( 'NONE', #361, #893, #1336 ) ;
#13 = LINE ( 'NONE', #805, #461 ) ;
#14 = EDGE_LOOP ( 'NONE', ( #764, #1137, #150, #839, #954, #414 ) ) ;
#15 = CARTESIAN_POINT ( 'NONE',  ( 224.9999999999999716, 15.00000000000000000, -255.0000000000000000 ) ) ;
#16 = LINE ( 'NONE', #480, #255 ) ;
#17 = VECTOR ( 'NONE', #1009, 1000.000000000000000 ) ;
#18 = DIRECTION ( 'NONE',  ( -0.000000000000000000, -1.000000000000000000, -0.000000000000000000 ) ) ;
#19 = CARTESIAN_POINT ( 'NONE',  ( -343.0359176866663802, 180.9999999999999432, -353.0000000000000000 ) ) ;
#20 = LINE ( 'NONE', #878, #1305 ) ;
#21 = PLANE ( 'NONE',  #338 ) ;
#22 = ORIENTED_EDGE ( 'NONE', *, *, #1038, .F. ) ;
#23 = CARTESIAN_POINT ( 'NONE',  ( 149.9999999999999716, 186.0000000000000000, -200.0000000000000000 ) ) ;
#24 = PRODUCT_RELATED_PRODUCT_CATEGORY ( 'part', '', ( #210 ) ) ;
#25 = LINE ( 'NONE', #555, #156 ) ;
#26 = CARTESIAN_POINT ( 'NONE',  ( 0.000000000000000000, 5.000000000000000000, -358.0000000000000000 ) ) ;
#27 =( NAMED_UNIT ( * ) PLANE_ANGLE_UNIT ( ) SI_UNIT ( $, .RADIAN. ) );
#28 = CARTESIAN_POINT ( 'NONE',  ( 1.170762339984869499E-14, 105.0000000000000142, -262.3999999999999773 ) ) ;
#29 = EDGE_CURVE ( 'NONE', #1264, #76, #1364, .T. ) ;
#30 = DIRECTION ( 'NONE',  ( -1.000000000000000000, 0.000000000000000000, -0.000000000000000000 ) ) ;
#31 = ADVANCED_FACE ( 'NONE', ( #1 ), #1229, .T. ) ;
#32 = VERTEX_POINT ( 'NONE', #1103 ) ;
#33 = CARTESIAN_POINT ( 'NONE',  ( 234.9999999999999432, 45.00000000000000000, -255.0000000000000000 ) ) ;
#34 = LINE ( 'NONE', #26, #149 ) ;
#35 = EDGE_CURVE ( 'NONE', #1404, #1443, #900, .T. ) ;
#36 = VERTEX_POINT ( 'NONE', #229 ) ;
#37 = DIRECTION ( 'NONE',  ( 0.000000000000000000, 1.000000000000000000, 0.000000000000000000 ) ) ;
#38 = ORIENTED_EDGE ( 'NONE', *, *, #1410, .T. ) ;
#39 = CIRCLE ( 'NONE', #1087, 43.10000000000000142 ) ;
#40 = ORIENTED_EDGE ( 'NONE', *, *, #652, .F. ) ;
#41 = CARTESIAN_POINT ( 'NONE',  ( 142.3000000000000398, 5.000000000000000000, -353.0000000000000000 ) ) ;
#42 = ORIENTED_EDGE ( 'NONE', *, *, #312, .F. ) ;
#43 = CARTESIAN_POINT ( 'NONE',  ( 149.9999999999999716, 45.00000000000000000, -200.0000000000000000 ) ) ;
#44 = AXIS2_PLACEMENT_3D ( 'NONE', #386, #52, #1286 ) ;
#45 = ORIENTED_EDGE ( 'NONE', *, *, #66, .F. ) ;
#46 = LINE ( 'NONE', #936, #516 ) ;
#47 = VERTEX_POINT ( 'NONE', #995 ) ;
#48 = CARTESIAN_POINT ( 'NONE',  ( 0.000000000000000000, 5.000000000000000000, -358.0000000000000000 ) ) ;
#49 = EDGE_CURVE ( 'NONE', #1268, #102, #334, .T. ) ;
#50 = ORIENTED_EDGE ( 'NONE', *, *, #799, .F. ) ;
#51 = ORIENTED_EDGE ( 'NONE', *, *, #35, .T. ) ;
#52 = DIRECTION ( 'NONE',  ( 0.000000000000000000, -1.000000000000000000, 0.000000000000000000 ) ) ;
#53 = VERTEX_POINT ( 'NONE', #793 ) ;
#54 = ORIENTED_EDGE ( 'NONE', *, *, #1388, .F. ) ;
#55 = VECTOR ( 'NONE', #1196, 1000.000000000000000 ) ;
#56 = ORIENTED_EDGE ( 'NONE', *, *, #130, .T. ) ;
#57 = VECTOR ( 'NONE', #530, 1000.000000000000000 ) ;
#58 = CARTESIAN_POINT ( 'NONE',  ( 249.9999999999999147, 45.00000000000000000, -255.0000000000000000 ) ) ;
#59 = VECTOR ( 'NONE', #1149, 1000.000000000000000 ) ;
#60 = ORIENTED_EDGE ( 'NONE', *, *, #1083, .T. ) ;
#61 = CARTESIAN_POINT ( 'NONE',  ( 142.3000000000000114, 15.00000000000000000, -262.3999999999999773 ) ) ;
#62 = LINE ( 'NONE', #635, #945 ) ;
#63 = EDGE_CURVE ( 'NONE', #82, #833, #770, .T. ) ;
#64 = CARTESIAN_POINT ( 'NONE',  ( 249.9999999999999432, 45.00000000000000000, -120.0000000000000000 ) ) ;
#65 = ORIENTED_EDGE ( 'NONE', *, *, #287, .F. ) ;
#66 = EDGE_CURVE ( 'NONE', #286, #630, #99, .T. ) ;
#67 = ORIENTED_EDGE ( 'NONE', *, *, #1167, .F. ) ;
#68 = EDGE_CURVE ( 'NONE', #36, #164, #1244, .T. ) ;
#69 = ORIENTED_EDGE ( 'NONE', *, *, #442, .T. ) ;
#70 = DIRECTION ( 'NONE',  ( 0.000000000000000000, -0.000000000000000000, 1.000000000000000000 ) ) ;
#71 = PLANE ( 'NONE',  #883 ) ;
#72 = CARTESIAN_POINT ( 'NONE',  ( 0.000000000000000000, 71.00000000000000000, -65.00000000000000000 ) ) ;
#73 = PLANE ( 'NONE',  #177 ) ;
#74 = VERTEX_POINT ( 'NONE', #1223 ) ;
#75 = EDGE_CURVE ( 'NONE', #905, #293, #688, .T. ) ;
#76 = VERTEX_POINT ( 'NONE', #662 ) ;
#77 = CARTESIAN_POINT ( 'NONE',  ( 249.9999999999999432, 45.00000000000000000, -120.0000000000000000 ) ) ;
#78 = VERTEX_POINT ( 'NONE', #1131 ) ;
#79 = CARTESIAN_POINT ( 'NONE',  ( 149.9999999999999716, 180.9999999999999432, -200.0000000000000000 ) ) ;
#80 = CARTESIAN_POINT ( 'NONE',  ( 234.9999999999999432, 45.00000000000000000, -255.0000000000000000 ) ) ;
#81 = VECTOR ( 'NONE', #974, 1000.000000000000000 ) ;
#82 = VERTEX_POINT ( 'NONE', #1251 ) ;
#83 = LINE ( 'NONE', #326, #1112 ) ;
#84 = ORIENTED_EDGE ( 'NONE', *, *, #1059, .T. ) ;
#85 = EDGE_CURVE ( 'NONE', #36, #32, #119, .T. ) ;
#86 = DIRECTION ( 'NONE',  ( 0.000000000000000000, 0.000000000000000000, 1.000000000000000000 ) ) ;
#87 = FACE_BOUND ( 'NONE', #428, .T. ) ;
#88 = DIRECTION ( 'NONE',  ( -0.000000000000000000, -1.000000000000000000, -0.000000000000000000 ) ) ;
#89 = EDGE_CURVE ( 'NONE', #641, #74, #25, .T. ) ;
#90 = VERTEX_POINT ( 'NONE', #439 ) ;
#91 = ORIENTED_EDGE ( 'NONE', *, *, #1219, .F. ) ;
#92 = LINE ( 'NONE', #1186, #963 ) ;
#93 = CARTESIAN_POINT ( 'NONE',  ( 5.000000000000004441, 156.0000000000000000, -65.00000000000000000 ) ) ;
#94 = VECTOR ( 'NONE', #359, 1000.000000000000000 ) ;
#95 = DIRECTION ( 'NONE',  ( 0.000000000000000000, -0.000000000000000000, -1.000000000000000000 ) ) ;
#96 = ORIENTED_EDGE ( 'NONE', *, *, #228, .T. ) ;
#97 = DIRECTION ( 'NONE',  ( -1.000000000000000000, -0.000000000000000000, -0.000000000000000000 ) ) ;
#98 = DIRECTION ( 'NONE',  ( 0.000000000000000000, -1.000000000000000000, 0.000000000000000000 ) ) ;
#99 = LINE ( 'NONE', #1116, #577 ) ;
#100 = PLANE ( 'NONE',  #162 ) ;
#101 = CARTESIAN_POINT ( 'NONE',  ( 219.9999999999999716, 45.00000000000000000, -120.0000000000000000 ) ) ;
#102 = VERTEX_POINT ( 'NONE', #446 ) ;
#103 = MECHANICAL_DESIGN_GEOMETRIC_PRESENTATION_REPRESENTATION (  '', ( #737 ), #694 ) ;
#104 = AXIS2_PLACEMENT_3D ( 'NONE', #204, #991, #1442 ) ;
#105 = AXIS2_PLACEMENT_3D ( 'NONE', #33, #703, #921 ) ;
#106 = DIRECTION ( 'NONE',  ( 0.000000000000000000, 0.000000000000000000, -1.000000000000000000 ) ) ;
#107 = PLANE ( 'NONE',  #125 ) ;
#108 = FACE_OUTER_BOUND ( 'NONE', #1346, .T. ) ;
#109 = ADVANCED_FACE ( 'NONE', ( #219 ), #668, .F. ) ;
#110 = DIRECTION ( 'NONE',  ( 0.000000000000000000, 0.000000000000000000, -1.000000000000000000 ) ) ;
#111 = EDGE_CURVE ( 'NONE', #53, #1079, #797, .T. ) ;
#112 = ORIENTED_EDGE ( 'NONE', *, *, #224, .T. ) ;
#113 = DIRECTION ( 'NONE',  ( 0.000000000000000000, 0.000000000000000000, -1.000000000000000000 ) ) ;
#114 = DIRECTION ( 'NONE',  ( -0.000000000000000000, -0.000000000000000000, -1.000000000000000000 ) ) ;
#115 = DIRECTION ( 'NONE',  ( -1.000000000000000000, 0.000000000000000000, -0.000000000000000000 ) ) ;
#116 = DIRECTION ( 'NONE',  ( 0.000000000000000000, 0.000000000000000000, 1.000000000000000000 ) ) ;
#117 = CARTESIAN_POINT ( 'NONE',  ( 219.9999999999999432, 45.00000000000000000, -255.0000000000000000 ) ) ;
#118 = ORIENTED_EDGE ( 'NONE', *, *, #392, .F. ) ;
#119 = LINE ( 'NONE', #127, #1426 ) ;
#120 = LINE ( 'NONE', #901, #488 ) ;
#121 = LINE ( 'NONE', #706, #510 ) ;
#122 = CARTESIAN_POINT ( 'NONE',  ( 1.170762339984869499E-14, 5.000000000000000000, -262.3999999999999773 ) ) ;
#123 = DIRECTION ( 'NONE',  ( -2.055968564120660023E-16, 0.000000000000000000, -1.000000000000000000 ) ) ;
#124 = VERTEX_POINT ( 'NONE', #1257 ) ;
#125 = AXIS2_PLACEMENT_3D ( 'NONE', #564, #342, #230 ) ;
#126 = EDGE_CURVE ( 'NONE', #1443, #286, #132, .T. ) ;
#127 = CARTESIAN_POINT ( 'NONE',  ( 0.000000000000000000, -0.000000000000000000, -195.0000000000000000 ) ) ;
#128 = CARTESIAN_POINT ( 'NONE',  ( 9.999999999999998224, 5.000000000000000000, -8.000000000000007105 ) ) ;
#129 = FACE_BOUND ( 'NONE', #751, .T. ) ;
#130 = EDGE_CURVE ( 'NONE', #575, #641, #693, .T. ) ;
#131 = CARTESIAN_POINT ( 'NONE',  ( 9.999999999999998224, 15.00000000000000000, -8.000000000000007105 ) ) ;
#132 = LINE ( 'NONE', #1147, #472 ) ;
#133 = ORIENTED_EDGE ( 'NONE', *, *, #1066, .F. ) ;
#134 = ADVANCED_FACE ( 'NONE', ( #1029 ), #1129, .F. ) ;
#135 = ADVANCED_BREP_SHAPE_REPRESENTATION ( 'casing', ( #1016, #561 ), #430 ) ;
#136 = EDGE_CURVE ( 'NONE', #74, #372, #477, .T. ) ;
#137 = CARTESIAN_POINT ( 'NONE',  ( 159.9999999999999432, 180.9999999999999432, -140.0000000000000000 ) ) ;
#138 = FACE_OUTER_BOUND ( 'NONE', #173, .T. ) ;
#139 = DIRECTION ( 'NONE',  ( -1.000000000000000000, -0.000000000000000000, -0.000000000000000000 ) ) ;
#140 = CARTESIAN_POINT ( 'NONE',  ( 0.000000000000000000, 5.000000000000000000, 0.000000000000000000 ) ) ;
#141 = ORIENTED_EDGE ( 'NONE', *, *, #596, .F. ) ;
#142 = DIRECTION ( 'NONE',  ( 1.000000000000000000, 0.000000000000000000, -0.000000000000000000 ) ) ;
#143 = ORIENTED_EDGE ( 'NONE', *, *, #697, .T. ) ;
#144 = ORIENTED_EDGE ( 'NONE', *, *, #910, .T. ) ;
#145 = DIRECTION ( 'NONE',  ( 0.000000000000000000, 1.000000000000000000, 0.000000000000000000 ) ) ;
#146 = CARTESIAN_POINT ( 'NONE',  ( 417.0000000000000000, 186.0000000000000000, -358.0000000000000000 ) ) ;
#147 = ORIENTED_EDGE ( 'NONE', *, *, #75, .T. ) ;
#148 = LINE ( 'NONE', #823, #507 ) ;
#149 = VECTOR ( 'NONE', #1027, 1000.000000000000000 ) ;
#150 = ORIENTED_EDGE ( 'NONE', *, *, #1025, .T. ) ;
#151 = DIRECTION ( 'NONE',  ( -1.000000000000000000, 0.000000000000000000, 0.000000000000000000 ) ) ;
#152 = EDGE_CURVE ( 'NONE', #929, #164, #595, .T. ) ;
#153 = CARTESIAN_POINT ( 'NONE',  ( 0.000000000000000000, 5.000000000000000000, 0.000000000000000000 ) ) ;
#154 = ORIENTED_EDGE ( 'NONE', *, *, #351, .T. ) ;
#155 = DIRECTION ( 'NONE',  ( 0.000000000000000000, 0.000000000000000000, -1.000000000000000000 ) ) ;
#156 = VECTOR ( 'NONE', #1446, 1000.000000000000000 ) ;
#157 = VERTEX_POINT ( 'NONE', #1445 ) ;
#158 = DIRECTION ( 'NONE',  ( -0.000000000000000000, -0.000000000000000000, -1.000000000000000000 ) ) ;
#159 = CARTESIAN_POINT ( 'NONE',  ( 9.999999999999923617, 15.00000000000000000, -262.3999999999999773 ) ) ;
#160 = VERTEX_POINT ( 'NONE', #438 ) ;
#161 = CARTESIAN_POINT ( 'NONE',  ( 254.9999999999999432, 45.00000000000000000, -120.0000000000000000 ) ) ;
#162 = AXIS2_PLACEMENT_3D ( 'NONE', #1424, #1415, #752 ) ;
#163 = CARTESIAN_POINT ( 'NONE',  ( 412.0000000000000000, 5.000000000000000000, -353.0000000000000000 ) ) ;
#164 = VERTEX_POINT ( 'NONE', #887 ) ;
#165 = CARTESIAN_POINT ( 'NONE',  ( 159.9999999999999716, 180.9999999999999432, -20.00000000000000000 ) ) ;
#166 = DIRECTION ( 'NONE',  ( -1.000000000000000000, -0.000000000000000000, -0.000000000000000000 ) ) ;
#167 = ORIENTED_EDGE ( 'NONE', *, *, #418, .T. ) ;
#168 = PLANE ( 'NONE',  #105 ) ;
#169 = DIRECTION ( 'NONE',  ( -0.000000000000000000, -1.000000000000000000, -0.000000000000000000 ) ) ;
#170 = VECTOR ( 'NONE', #1071, 1000.000000000000000 ) ;
#171 = AXIS2_PLACEMENT_3D ( 'NONE', #48, #1141, #142 ) ;
#172 = ADVANCED_FACE ( 'NONE', ( #1335 ), #333, .F. ) ;
#173 = EDGE_LOOP ( 'NONE', ( #378, #311, #674, #645 ) ) ;
#174 = DIRECTION ( 'NONE',  ( -0.000000000000000000, -0.000000000000000000, -1.000000000000000000 ) ) ;
#175 =( LENGTH_UNIT ( ) NAMED_UNIT ( * ) SI_UNIT ( .MILLI., .METRE. ) );
#176 = EDGE_CURVE ( 'NONE', #473, #280, #393, .T. ) ;
#177 = AXIS2_PLACEMENT_3D ( 'NONE', #1226, #672, #665 ) ;
#178 = VECTOR ( 'NONE', #245, 1000.000000000000000 ) ;
#179 = LINE ( 'NONE', #946, #170 ) ;
#180 = VECTOR ( 'NONE', #733, 1000.000000000000000 ) ;
#181 = ORIENTED_EDGE ( 'NONE', *, *, #63, .T. ) ;
#182 = VERTEX_POINT ( 'NONE', #728 ) ;
#183 = PLANE ( 'NONE',  #1349 ) ;
#184 = EDGE_CURVE ( 'NONE', #749, #286, #1408, .T. ) ;
#185 = DIRECTION ( 'NONE',  ( -1.000000000000000000, 0.000000000000000000, -0.000000000000000000 ) ) ;
#186 = CARTESIAN_POINT ( 'NONE',  ( 224.9999999999999716, 45.00000000000000000, -120.0000000000000000 ) ) ;
#187 = DIRECTION ( 'NONE',  ( -0.000000000000000000, -0.000000000000000000, -1.000000000000000000 ) ) ;
#188 = ORIENTED_EDGE ( 'NONE', *, *, #612, .F. ) ;
#189 = VERTEX_POINT ( 'NONE', #842 ) ;
#190 = CARTESIAN_POINT ( 'NONE',  ( 0.000000000000000000, 45.00000000000000000, 0.000000000000000000 ) ) ;
#191 = EDGE_LOOP ( 'NONE', ( #798, #1406, #682, #345 ) ) ;
#192 = FACE_OUTER_BOUND ( 'NONE', #1399, .T. ) ;
#193 = LINE ( 'NONE', #985, #536 ) ;
#194 = CLOSED_SHELL ( 'NONE', ( #198, #1285, #892, #1431, #679, #423, #285, #911, #1239, #659, #1235, #1375, #291, #957, #380, #172, #780, #600, #826, #1127, #1327, #8, #844, #698, #31, #685, #654, #1000, #270, #462, #738, #294, #1282, #1261, #109, #501, #396, #636, #547, #504, #134, #1348, #1061, #456, #934, #761, #918, #741 ) ) ;
#195 = PLANE ( 'NONE',  #992 ) ;
#196 = VERTEX_POINT ( 'NONE', #1181 ) ;
#197 = VECTOR ( 'NONE', #777, 1000.000000000000000 ) ;
#198 = ADVANCED_FACE ( 'NONE', ( #283 ), #279, .F. ) ;
#199 = ORIENTED_EDGE ( 'NONE', *, *, #1122, .T. ) ;
#200 = FACE_OUTER_BOUND ( 'NONE', #191, .T. ) ;
#201 = PLANE ( 'NONE',  #458 ) ;
#202 = EDGE_CURVE ( 'NONE', #408, #32, #958, .T. ) ;
#203 = EDGE_CURVE ( 'NONE', #402, #1144, #1394, .T. ) ;
#204 = CARTESIAN_POINT ( 'NONE',  ( 149.9999999999999716, 15.00000000000000000, -200.0000000000000000 ) ) ;
#205 = CIRCLE ( 'NONE', #855, 43.10000000000000142 ) ;
#206 = VERTEX_POINT ( 'NONE', #271 ) ;
#207 = ORIENTED_EDGE ( 'NONE', *, *, #248, .F. ) ;
#208 = CARTESIAN_POINT ( 'NONE',  ( 0.000000000000000000, 186.0000000000000000, -358.0000000000000000 ) ) ;
#209 = DIRECTION ( 'NONE',  ( 1.000000000000000000, 0.000000000000000000, 0.000000000000000000 ) ) ;
#210 = PRODUCT ( 'casing', 'casing', '', ( #1432 ) ) ;
#211 = ORIENTED_EDGE ( 'NONE', *, *, #1192, .T. ) ;
#212 = CARTESIAN_POINT ( 'NONE',  ( 219.9999999999999716, 45.00000000000000000, -120.0000000000000000 ) ) ;
#213 = DIRECTION ( 'NONE',  ( 1.000000000000000000, 0.000000000000000000, -0.000000000000000000 ) ) ;
#214 = CARTESIAN_POINT ( 'NONE',  ( 234.9999999999999432, 45.00000000000000000, -255.0000000000000000 ) ) ;
#215 = VECTOR ( 'NONE', #503, 1000.000000000000000 ) ;
#216 = FACE_OUTER_BOUND ( 'NONE', #538, .T. ) ;
#217 = ORIENTED_EDGE ( 'NONE', *, *, #400, .T. ) ;
#218 = LINE ( 'NONE', #226, #625 ) ;
#219 = FACE_OUTER_BOUND ( 'NONE', #1397, .T. ) ;
#220 = DIRECTION ( 'NONE',  ( -0.000000000000000000, -1.000000000000000000, -0.000000000000000000 ) ) ;
#221 = DIRECTION ( 'NONE',  ( 0.000000000000000000, 1.000000000000000000, 0.000000000000000000 ) ) ;
#222 = EDGE_CURVE ( 'NONE', #268, #743, #620, .T. ) ;
#223 = CARTESIAN_POINT ( 'NONE',  ( 149.9999999999999716, 307.9052090765607659, -243.1000000000000227 ) ) ;
#224 = EDGE_CURVE ( 'NONE', #1144, #236, #828, .T. ) ;
#225 = EDGE_LOOP ( 'NONE', ( #1271, #266, #383, #1258 ) ) ;
#226 = CARTESIAN_POINT ( 'NONE',  ( 149.9999999999999716, 45.00000000000000000, -156.9000000000000057 ) ) ;
#227 = AXIS2_PLACEMENT_3D ( 'NONE', #772, #221, #1322 ) ;
#228 = EDGE_CURVE ( 'NONE', #1428, #891, #964, .T. ) ;
#229 = CARTESIAN_POINT ( 'NONE',  ( 0.000000000000000000, 156.0000000000000000, -195.0000000000000000 ) ) ;
#230 = DIRECTION ( 'NONE',  ( 0.000000000000000000, 0.000000000000000000, -1.000000000000000000 ) ) ;
#231 = CARTESIAN_POINT ( 'NONE',  ( 254.9999999999999432, 45.00000000000000000, -255.0000000000000000 ) ) ;
#232 = VECTOR ( 'NONE', #722, 1000.000000000000000 ) ;
#233 = FACE_OUTER_BOUND ( 'NONE', #754, .T. ) ;
#234 = ORIENTED_EDGE ( 'NONE', *, *, #847, .T. ) ;
#235 = VECTOR ( 'NONE', #701, 1000.000000000000000 ) ;
#236 = VERTEX_POINT ( 'NONE', #937 ) ;
#237 = DIRECTION ( 'NONE',  ( 0.000000000000000000, 0.000000000000000000, 1.000000000000000000 ) ) ;
#238 = DIRECTION ( 'NONE',  ( -1.000000000000000000, 0.000000000000000000, -0.000000000000000000 ) ) ;
#239 = UNCERTAINTY_MEASURE_WITH_UNIT (LENGTH_MEASURE( 1.000000000000000082E-05 ), #588, 'distance_accuracy_value', 'NONE');
#240 = ORIENTED_EDGE ( 'NONE', *, *, #1106, .F. ) ;
#241 = CARTESIAN_POINT ( 'NONE',  ( 5.000000000000004441, 0.000000000000000000, -195.0000000000000000 ) ) ;
#242 = EDGE_CURVE ( 'NONE', #296, #523, #1063, .T. ) ;
#243 = EDGE_CURVE ( 'NONE', #1199, #1069, #734, .T. ) ;
#244 = CARTESIAN_POINT ( 'NONE',  ( 0.000000000000000000, 156.0000000000000000, -0.000000000000000000 ) ) ;
#245 = DIRECTION ( 'NONE',  ( -1.000000000000000000, -0.000000000000000000, -0.000000000000000000 ) ) ;
#246 = FACE_BOUND ( 'NONE', #1184, .T. ) ;
#247 = FACE_OUTER_BOUND ( 'NONE', #705, .T. ) ;
#248 = EDGE_CURVE ( 'NONE', #523, #1379, #930, .T. ) ;
#249 = EDGE_CURVE ( 'NONE', #609, #1190, #505, .T. ) ;
#250 = VECTOR ( 'NONE', #615, 1000.000000000000000 ) ;
#251 = ORIENTED_EDGE ( 'NONE', *, *, #249, .F. ) ;
#252 = AXIS2_PLACEMENT_3D ( 'NONE', #899, #1347, #346 ) ;
#253 = VECTOR ( 'NONE', #664, 1000.000000000000000 ) ;
#254 = CARTESIAN_POINT ( 'NONE',  ( 160.0000000000000000, 180.9999999999999432, -20.00000000000000000 ) ) ;
#255 = VECTOR ( 'NONE', #792, 1000.000000000000000 ) ;
#256 = PLANE ( 'NONE',  #870 ) ;
#257 = CARTESIAN_POINT ( 'NONE',  ( 160.3222456700906662, 0.000000000000000000, -195.0000000000000000 ) ) ;
#258 = ORIENTED_EDGE ( 'NONE', *, *, #910, .F. ) ;
#259 = CARTESIAN_POINT ( 'NONE',  ( 142.3000000000000114, 15.00000000000000000, 0.000000000000000000 ) ) ;
#260 = EDGE_LOOP ( 'NONE', ( #327, #1073 ) ) ;
#261 = LINE ( 'NONE', #1125, #1278 ) ;
#262 = ORIENTED_EDGE ( 'NONE', *, *, #1332, .F. ) ;
#263 = LINE ( 'NONE', #796, #1351 ) ;
#264 = ORIENTED_EDGE ( 'NONE', *, *, #228, .F. ) ;
#265 = DIRECTION ( 'NONE',  ( -0.000000000000000000, -1.000000000000000000, -0.000000000000000000 ) ) ;
#266 = ORIENTED_EDGE ( 'NONE', *, *, #1309, .F. ) ;
#267 = EDGE_CURVE ( 'NONE', #611, #1072, #179, .T. ) ;
#268 = VERTEX_POINT ( 'NONE', #159 ) ;
#269 = CARTESIAN_POINT ( 'NONE',  ( 219.9999999999999432, 45.00000000000000000, -255.0000000000000000 ) ) ;
#270 = ADVANCED_FACE ( 'NONE', ( #406 ), #1382, .F. ) ;
#271 = CARTESIAN_POINT ( 'NONE',  ( 219.9999999999999716, 15.00000000000000000, -120.0000000000000000 ) ) ;
#272 = EDGE_LOOP ( 'NONE', ( #217, #1058, #511, #935 ) ) ;
#273 = FACE_OUTER_BOUND ( 'NONE', #735, .T. ) ;
#274 = EDGE_CURVE ( 'NONE', #157, #1264, #1389, .T. ) ;
#275 = AXIS2_PLACEMENT_3D ( 'NONE', #2, #447, #570 ) ;
#276 = VECTOR ( 'NONE', #1114, 1000.000000000000000 ) ;
#277 = EDGE_LOOP ( 'NONE', ( #306, #1052, #1269, #40 ) ) ;
#278 = CARTESIAN_POINT ( 'NONE',  ( 417.0000000000000000, 0.000000000000000000, 0.000000000000000000 ) ) ;
#279 = CYLINDRICAL_SURFACE ( 'NONE', #44, 43.10000000000000142 ) ;
#280 = VERTEX_POINT ( 'NONE', #821 ) ;
#281 = ORIENTED_EDGE ( 'NONE', *, *, #249, .T. ) ;
#282 = PLANE ( 'NONE',  #1324 ) ;
#283 = FACE_OUTER_BOUND ( 'NONE', #1034, .T. ) ;
#284 = ORIENTED_EDGE ( 'NONE', *, *, #537, .T. ) ;
#285 = ADVANCED_FACE ( 'NONE', ( #1270, #1279 ), #714, .F. ) ;
#286 = VERTEX_POINT ( 'NONE', #443 ) ;
#287 = EDGE_CURVE ( 'NONE', #419, #687, #542, .T. ) ;
#288 = ORIENTED_EDGE ( 'NONE', *, *, #312, .T. ) ;
#289 = LINE ( 'NONE', #732, #485 ) ;
#290 = DIRECTION ( 'NONE',  ( -0.000000000000000000, -0.000000000000000000, -1.000000000000000000 ) ) ;
#291 = ADVANCED_FACE ( 'NONE', ( #986 ), #195, .T. ) ;
#292 = CARTESIAN_POINT ( 'NONE',  ( 160.3222456700906662, 71.00000000000000000, -195.0000000000000000 ) ) ;
#293 = VERTEX_POINT ( 'NONE', #322 ) ;
#294 = ADVANCED_FACE ( 'NONE', ( #1091 ), #1210, .T. ) ;
#295 = AXIS2_PLACEMENT_3D ( 'NONE', #79, #757, #420 ) ;
#296 = VERTEX_POINT ( 'NONE', #1333 ) ;
#297 = LINE ( 'NONE', #1074, #81 ) ;
#298 = AXIS2_PLACEMENT_3D ( 'NONE', #753, #1204, #95 ) ;
#299 = VECTOR ( 'NONE', #350, 1000.000000000000000 ) ;
#300 = ORIENTED_EDGE ( 'NONE', *, *, #49, .F. ) ;
#301 = PLANE ( 'NONE',  #1435 ) ;
#302 = CARTESIAN_POINT ( 'NONE',  ( 269.9999999999999432, 5.000000000000000000, -268.0000000000000000 ) ) ;
#303 = VECTOR ( 'NONE', #579, 1000.000000000000000 ) ;
#304 = DIRECTION ( 'NONE',  ( 1.000000000000000000, 0.000000000000000000, 0.000000000000000000 ) ) ;
#305 = ORIENTED_EDGE ( 'NONE', *, *, #1197, .F. ) ;
#306 = ORIENTED_EDGE ( 'NONE', *, *, #1263, .T. ) ;
#307 = EDGE_LOOP ( 'NONE', ( #1260, #906, #54, #1409 ) ) ;
#308 = CARTESIAN_POINT ( 'NONE',  ( 412.0000000000000000, 5.000000000000000000, -353.0000000000000000 ) ) ;
#309 = CARTESIAN_POINT ( 'NONE',  ( 249.9999999999999147, 45.00000000000000000, -255.0000000000000000 ) ) ;
#310 = ORIENTED_EDGE ( 'NONE', *, *, #374, .T. ) ;
#311 = ORIENTED_EDGE ( 'NONE', *, *, #594, .T. ) ;
#312 = EDGE_CURVE ( 'NONE', #715, #182, #1312, .T. ) ;
#313 = ORIENTED_EDGE ( 'NONE', *, *, #242, .T. ) ;
#314 = DIRECTION ( 'NONE',  ( 0.000000000000000000, 0.000000000000000000, 1.000000000000000000 ) ) ;
#315 = ORIENTED_EDGE ( 'NONE', *, *, #897, .T. ) ;
#316 = CARTESIAN_POINT ( 'NONE',  ( 417.0000000000000000, 5.000000000000000000, -358.0000000000000000 ) ) ;
#317 = PRODUCT_DEFINITION_SHAPE ( 'NONE', 'NONE',  #1161 ) ;
#318 = AXIS2_PLACEMENT_3D ( 'NONE', #742, #1076, #493 ) ;
#319 = LINE ( 'NONE', #1447, #1143 ) ;
#320 = AXIS2_PLACEMENT_3D ( 'NONE', #1344, #781, #1240 ) ;
#321 = PLANE ( 'NONE',  #1022 ) ;
#322 = CARTESIAN_POINT ( 'NONE',  ( 5.000000000000000000, 105.0000000000000142, -262.3999999999999773 ) ) ;
#323 = VECTOR ( 'NONE', #1262, 1000.000000000000000 ) ;
#324 = VECTOR ( 'NONE', #730, 1000.000000000000000 ) ;
#325 = ORIENTED_EDGE ( 'NONE', *, *, #1370, .F. ) ;
#326 = CARTESIAN_POINT ( 'NONE',  ( 249.9999999999999147, 15.00000000000000000, -255.0000000000000000 ) ) ;
#327 = ORIENTED_EDGE ( 'NONE', *, *, #1215, .F. ) ;
#328 = CARTESIAN_POINT ( 'NONE',  ( 254.9999999999999432, 45.00000000000000000, -255.0000000000000000 ) ) ;
#329 = CARTESIAN_POINT ( 'NONE',  ( 9.999999999999998224, 15.00000000000000000, -8.000000000000007105 ) ) ;
#330 = UNCERTAINTY_MEASURE_WITH_UNIT (LENGTH_MEASURE( 1.000000000000000082E-05 ), #175, 'distance_accuracy_value', 'NONE');
#331 = ORIENTED_EDGE ( 'NONE', *, *, #1192, .F. ) ;
#332 = EDGE_CURVE ( 'NONE', #402, #296, #1099, .T. ) ;
#333 = PLANE ( 'NONE',  #354 ) ;
#334 = LINE ( 'NONE', #464, #385 ) ;
#335 = EDGE_CURVE ( 'NONE', #1069, #854, #866, .T. ) ;
#336 = DIRECTION ( 'NONE',  ( 0.000000000000000000, 0.000000000000000000, 1.000000000000000000 ) ) ;
#337 = FACE_OUTER_BOUND ( 'NONE', #489, .T. ) ;
#338 = AXIS2_PLACEMENT_3D ( 'NONE', #699, #483, #925 ) ;
#339 = DIRECTION ( 'NONE',  ( 0.000000000000000000, 1.000000000000000000, 0.000000000000000000 ) ) ;
#340 = ORIENTED_EDGE ( 'NONE', *, *, #756, .T. ) ;
#341 = PLANE ( 'NONE',  #574 ) ;
#342 = DIRECTION ( 'NONE',  ( 1.000000000000000000, 0.000000000000000000, 0.000000000000000000 ) ) ;
#343 = CARTESIAN_POINT ( 'NONE',  ( 39.99999999999995737, 11.29437251522846708, -20.00000000000000000 ) ) ;
#344 = DIRECTION ( 'NONE',  ( -0.000000000000000000, -1.000000000000000000, -0.000000000000000000 ) ) ;
#345 = ORIENTED_EDGE ( 'NONE', *, *, #418, .F. ) ;
#346 = DIRECTION ( 'NONE',  ( 0.000000000000000000, 0.000000000000000000, 1.000000000000000000 ) ) ;
#347 = ORIENTED_EDGE ( 'NONE', *, *, #434, .F. ) ;
#348 = DIRECTION ( 'NONE',  ( -1.000000000000000000, 0.000000000000000000, 0.000000000000000000 ) ) ;
#349 = DIRECTION ( 'NONE',  ( 0.000000000000000000, -1.000000000000000000, 0.000000000000000000 ) ) ;
#350 = DIRECTION ( 'NONE',  ( -0.000000000000000000, -1.000000000000000000, -0.000000000000000000 ) ) ;
#351 = EDGE_CURVE ( 'NONE', #1450, #1072, #1376, .T. ) ;
#352 = ORIENTED_EDGE ( 'NONE', *, *, #1370, .T. ) ;
#353 = LINE ( 'NONE', #1340, #881 ) ;
#354 = AXIS2_PLACEMENT_3D ( 'NONE', #768, #1222, #123 ) ;
#355 = CARTESIAN_POINT ( 'NONE',  ( 9.999999999999921840, 15.00000000000000000, -268.0000000000000000 ) ) ;
#356 = CARTESIAN_POINT ( 'NONE',  ( 254.9999999999999432, 45.00000000000000000, -255.0000000000000000 ) ) ;
#357 = DIRECTION ( 'NONE',  ( 0.000000000000000000, 1.000000000000000000, 0.000000000000000000 ) ) ;
#358 = EDGE_CURVE ( 'NONE', #868, #1015, #748, .T. ) ;
#359 = DIRECTION ( 'NONE',  ( 0.000000000000000000, -1.000000000000000000, 0.000000000000000000 ) ) ;
#360 = ORIENTED_EDGE ( 'NONE', *, *, #487, .T. ) ;
#361 = CARTESIAN_POINT ( 'NONE',  ( 0.000000000000000000, 45.00000000000000000, 0.000000000000000000 ) ) ;
#362 = LINE ( 'NONE', #894, #1153 ) ;
#363 = PLANE ( 'NONE',  #1277 ) ;
#364 = VECTOR ( 'NONE', #1323, 1000.000000000000000 ) ;
#365 = EDGE_LOOP ( 'NONE', ( #1310, #1304, #815, #877 ) ) ;
#366 = FACE_OUTER_BOUND ( 'NONE', #365, .T. ) ;
#367 = ORIENTED_EDGE ( 'NONE', *, *, #914, .F. ) ;
#368 = VECTOR ( 'NONE', #745, 1000.000000000000000 ) ;
#369 = VECTOR ( 'NONE', #710, 1000.000000000000000 ) ;
#370 = VERTEX_POINT ( 'NONE', #773 ) ;
#371 = CARTESIAN_POINT ( 'NONE',  ( 412.0000000000000000, 180.9999999999999432, -0.000000000000000000 ) ) ;
#372 = VERTEX_POINT ( 'NONE', #762 ) ;
#373 = ORIENTED_EDGE ( 'NONE', *, *, #1021, .F. ) ;
#374 = EDGE_CURVE ( 'NONE', #695, #1159, #884, .T. ) ;
#375 = VERTEX_POINT ( 'NONE', #643 ) ;
#376 = CARTESIAN_POINT ( 'NONE',  ( 249.9999999999999432, 15.00000000000000000, -120.0000000000000000 ) ) ;
#377 = CARTESIAN_POINT ( 'NONE',  ( 9.999999999999921840, 5.000000000000000000, -268.0000000000000000 ) ) ;
#378 = ORIENTED_EDGE ( 'NONE', *, *, #1392, .F. ) ;
#379 = CARTESIAN_POINT ( 'NONE',  ( 417.0000000000000000, 5.000000000000000000, 0.000000000000000000 ) ) ;
#380 = ADVANCED_FACE ( 'NONE', ( #216 ), #73, .F. ) ;
#381 = ORIENTED_EDGE ( 'NONE', *, *, #1197, .T. ) ;
#382 = VECTOR ( 'NONE', #888, 1000.000000000000000 ) ;
#383 = ORIENTED_EDGE ( 'NONE', *, *, #1214, .F. ) ;
#384 = CARTESIAN_POINT ( 'NONE',  ( 5.000000000000004441, 180.9999999999999432, 0.000000000000000000 ) ) ;
#385 = VECTOR ( 'NONE', #801, 1000.000000000000000 ) ;
#386 = CARTESIAN_POINT ( 'NONE',  ( 149.9999999999999716, 307.9052090765607659, -200.0000000000000000 ) ) ;
#387 = ORIENTED_EDGE ( 'NONE', *, *, #799, .T. ) ;
#388 = VECTOR ( 'NONE', #587, 1000.000000000000000 ) ;
#389 = AXIS2_PLACEMENT_3D ( 'NONE', #837, #716, #1391 ) ;
#390 = ORIENTED_EDGE ( 'NONE', *, *, #867, .F. ) ;
#391 = DIRECTION ( 'NONE',  ( 0.000000000000000000, 0.000000000000000000, 1.000000000000000000 ) ) ;
#392 = EDGE_CURVE ( 'NONE', #833, #1175, #1107, .T. ) ;
#393 = LINE ( 'NONE', #520, #817 ) ;
#394 = ORIENTED_EDGE ( 'NONE', *, *, #800, .F. ) ;
#395 = LINE ( 'NONE', #1289, #324 ) ;
#396 = ADVANCED_FACE ( 'NONE', ( #1418 ), #363, .F. ) ;
#397 = ORIENTED_EDGE ( 'NONE', *, *, #1177, .T. ) ;
#398 = ORIENTED_EDGE ( 'NONE', *, *, #977, .T. ) ;
#399 = CARTESIAN_POINT ( 'NONE',  ( 224.9999999999999716, 15.00000000000000000, -120.0000000000000000 ) ) ;
#400 = EDGE_CURVE ( 'NONE', #1190, #280, #1126, .T. ) ;
#401 = DIRECTION ( 'NONE',  ( -0.000000000000000000, -1.000000000000000000, -0.000000000000000000 ) ) ;
#402 = VERTEX_POINT ( 'NONE', #1366 ) ;
#403 = ORIENTED_EDGE ( 'NONE', *, *, #111, .T. ) ;
#404 = CARTESIAN_POINT ( 'NONE',  ( 160.0000000000000000, 186.0000000000000000, -20.00000000000000000 ) ) ;
#405 = PLANE ( 'NONE',  #725 ) ;
#406 = FACE_OUTER_BOUND ( 'NONE', #1060, .T. ) ;
#407 = ORIENTED_EDGE ( 'NONE', *, *, #1025, .F. ) ;
#408 = VERTEX_POINT ( 'NONE', #904 ) ;
#409 = LINE ( 'NONE', #1080, #534 ) ;
#410 = EDGE_LOOP ( 'NONE', ( #709, #112, #856, #843 ) ) ;
#411 = LINE ( 'NONE', #857, #661 ) ;
#412 = DIRECTION ( 'NONE',  ( -0.000000000000000000, 1.000000000000000000, -0.000000000000000000 ) ) ;
#413 = VECTOR ( 'NONE', #1133, 1000.000000000000000 ) ;
#414 = ORIENTED_EDGE ( 'NONE', *, *, #75, .F. ) ;
#415 = EDGE_CURVE ( 'NONE', #1026, #47, #1023, .T. ) ;
#416 = ORIENTED_EDGE ( 'NONE', *, *, #573, .T. ) ;
#417 = DIRECTION ( 'NONE',  ( 0.000000000000000000, -0.000000000000000000, 1.000000000000000000 ) ) ;
#418 = EDGE_CURVE ( 'NONE', #1079, #687, #263, .T. ) ;
#419 = VERTEX_POINT ( 'NONE', #1028 ) ;
#420 = DIRECTION ( 'NONE',  ( 0.000000000000000000, 0.000000000000000000, 1.000000000000000000 ) ) ;
#421 = VECTOR ( 'NONE', #569, 1000.000000000000000 ) ;
#422 = EDGE_LOOP ( 'NONE', ( #1081, #968, #1266, #931, #1109, #143 ) ) ;
#423 = ADVANCED_FACE ( 'NONE', ( #247 ), #593, .T. ) ;
#424 = CARTESIAN_POINT ( 'NONE',  ( 9.999999999999998224, 15.00000000000000000, -8.000000000000007105 ) ) ;
#425 = CARTESIAN_POINT ( 'NONE',  ( 417.0000000000000000, 186.0000000000000000, 0.000000000000000000 ) ) ;
#426 = APPLICATION_PROTOCOL_DEFINITION ( 'draft international standard', 'automotive_design', 1998, #1202 ) ;
#427 = ORIENTED_EDGE ( 'NONE', *, *, #549, .T. ) ;
#428 = EDGE_LOOP ( 'NONE', ( #1191, #863, #1373, #621 ) ) ;
#429 = DIRECTION ( 'NONE',  ( 0.000000000000000000, 0.000000000000000000, -1.000000000000000000 ) ) ;
#430 =( GEOMETRIC_REPRESENTATION_CONTEXT ( 3 ) GLOBAL_UNCERTAINTY_ASSIGNED_CONTEXT ( ( #330 ) ) GLOBAL_UNIT_ASSIGNED_CONTEXT ( ( #175, #1209, #1401 ) ) REPRESENTATION_CONTEXT ( 'NONE', 'WORKASPACE' ) );
#431 = DIRECTION ( 'NONE',  ( 0.000000000000000000, 0.000000000000000000, -1.000000000000000000 ) ) ;
#432 = DIRECTION ( 'NONE',  ( 0.000000000000000000, -1.000000000000000000, 0.000000000000000000 ) ) ;
#433 = CIRCLE ( 'NONE', #903, 43.10000000000000142 ) ;
#434 = EDGE_CURVE ( 'NONE', #743, #833, #467, .T. ) ;
#435 = VECTOR ( 'NONE', #513, 1000.000000000000000 ) ;
#436 = ORIENTED_EDGE ( 'NONE', *, *, #29, .F. ) ;
#437 = EDGE_CURVE ( 'NONE', #942, #767, #13, .T. ) ;
#438 = CARTESIAN_POINT ( 'NONE',  ( 149.9999999999999716, 180.9999999999999432, -156.9000000000000057 ) ) ;
#439 = CARTESIAN_POINT ( 'NONE',  ( 5.000000000000000000, 5.000000000000000000, -262.3999999999999773 ) ) ;
#440 = PLANE ( 'NONE',  #994 ) ;
#441 = FACE_OUTER_BOUND ( 'NONE', #1182, .T. ) ;
#442 = EDGE_CURVE ( 'NONE', #498, #1175, #790, .T. ) ;
#443 = CARTESIAN_POINT ( 'NONE',  ( 142.3000000000000114, 5.000000000000000000, -268.0000000000000000 ) ) ;
#444 = EDGE_LOOP ( 'NONE', ( #853, #838, #651, #251 ) ) ;
#445 = CARTESIAN_POINT ( 'NONE',  ( 270.0000000000000000, 5.000000000000000000, -8.000000000000007105 ) ) ;
#446 = CARTESIAN_POINT ( 'NONE',  ( 39.99999999999995737, 186.0000000000000000, -20.00000000000000000 ) ) ;
#447 = DIRECTION ( 'NONE',  ( 0.000000000000000000, 0.000000000000000000, -1.000000000000000000 ) ) ;
#448 = DIRECTION ( 'NONE',  ( -1.000000000000000000, 0.000000000000000000, -0.000000000000000000 ) ) ;
#449 = CARTESIAN_POINT ( 'NONE',  ( 412.0000000000000000, 180.9999999999999432, -5.000000000000000000 ) ) ;
#450 = ORIENTED_EDGE ( 'NONE', *, *, #1167, .T. ) ;
#451 = DIRECTION ( 'NONE',  ( -0.000000000000000000, 1.000000000000000000, -0.000000000000000000 ) ) ;
#452 = VECTOR ( 'NONE', #676, 1000.000000000000000 ) ;
#453 = ORIENTED_EDGE ( 'NONE', *, *, #1369, .F. ) ;
#454 = CARTESIAN_POINT ( 'NONE',  ( 149.9999999999999716, 186.0000000000000000, -243.1000000000000227 ) ) ;
#455 = CARTESIAN_POINT ( 'NONE',  ( 149.9999999999999716, 15.00000000000000000, -200.0000000000000000 ) ) ;
#456 = ADVANCED_FACE ( 'NONE', ( #233 ), #1374, .F. ) ;
#457 = CARTESIAN_POINT ( 'NONE',  ( 270.0000000000000000, 15.00000000000000000, -8.000000000000007105 ) ) ;
#458 = AXIS2_PLACEMENT_3D ( 'NONE', #343, #1430, #984 ) ;
#459 = ORIENTED_EDGE ( 'NONE', *, *, #1434, .F. ) ;
#460 = CARTESIAN_POINT ( 'NONE',  ( 39.99999999999995737, 186.0000000000000000, -20.00000000000000000 ) ) ;
#461 = VECTOR ( 'NONE', #344, 1000.000000000000000 ) ;
#462 = ADVANCED_FACE ( 'NONE', ( #1265 ), #1233, .T. ) ;
#463 = CARTESIAN_POINT ( 'NONE',  ( 149.9999999999999716, 186.0000000000000000, -156.9000000000000057 ) ) ;
#464 = CARTESIAN_POINT ( 'NONE',  ( 39.99999999999995737, 186.0000000000000000, -20.00000000000000000 ) ) ;
#465 = PLANE ( 'NONE',  #1039 ) ;
#466 = PRESENTATION_STYLE_ASSIGNMENT (( #475 ) ) ;
#467 = LINE ( 'NONE', #131, #276 ) ;
#468 = VECTOR ( 'NONE', #1055, 1000.000000000000000 ) ;
#469 = DIRECTION ( 'NONE',  ( 0.000000000000000000, 0.000000000000000000, -1.000000000000000000 ) ) ;
#470 = ORIENTED_EDGE ( 'NONE', *, *, #487, .F. ) ;
#471 = LINE ( 'NONE', #1121, #1183 ) ;
#472 = VECTOR ( 'NONE', #98, 1000.000000000000000 ) ;
#473 = VERTEX_POINT ( 'NONE', #117 ) ;
#474 = CARTESIAN_POINT ( 'NONE',  ( 249.9999999999999432, 45.00000000000000000, -120.0000000000000000 ) ) ;
#475 = SURFACE_STYLE_USAGE ( .BOTH. , #795 ) ;
#476 = LINE ( 'NONE', #589, #1405 ) ;
#477 = LINE ( 'NONE', #140, #235 ) ;
#478 = ORIENTED_EDGE ( 'NONE', *, *, #681, .F. ) ;
#479 = CARTESIAN_POINT ( 'NONE',  ( 0.000000000000000000, 5.000000000000000000, 0.000000000000000000 ) ) ;
#480 = CARTESIAN_POINT ( 'NONE',  ( 234.9999999999999432, 45.00000000000000000, -255.0000000000000000 ) ) ;
#481 = FACE_OUTER_BOUND ( 'NONE', #225, .T. ) ;
#482 = EDGE_LOOP ( 'NONE', ( #207, #1077, #1057, #188 ) ) ;
#483 = DIRECTION ( 'NONE',  ( 0.000000000000000000, -1.000000000000000000, 0.000000000000000000 ) ) ;
#484 = ORIENTED_EDGE ( 'NONE', *, *, #68, .T. ) ;
#485 = VECTOR ( 'NONE', #174, 1000.000000000000000 ) ;
#486 = EDGE_CURVE ( 'NONE', #929, #375, #566, .T. ) ;
#487 = EDGE_CURVE ( 'NONE', #293, #1390, #476, .T. ) ;
#488 = VECTOR ( 'NONE', #794, 1000.000000000000000 ) ;
#489 = EDGE_LOOP ( 'NONE', ( #750, #527, #544, #920 ) ) ;
#490 = DIRECTION ( 'NONE',  ( 0.000000000000000000, 0.000000000000000000, -1.000000000000000000 ) ) ;
#491 = EDGE_CURVE ( 'NONE', #90, #82, #1241, .T. ) ;
#492 = VECTOR ( 'NONE', #166, 1000.000000000000000 ) ;
#493 = DIRECTION ( 'NONE',  ( 1.000000000000000000, 0.000000000000000000, -0.000000000000000000 ) ) ;
#494 = ORIENTED_EDGE ( 'NONE', *, *, #658, .T. ) ;
#495 = ORIENTED_EDGE ( 'NONE', *, *, #1151, .T. ) ;
#496 = FACE_OUTER_BOUND ( 'NONE', #1283, .T. ) ;
#497 = DIRECTION ( 'NONE',  ( 2.055968564120660023E-16, 0.000000000000000000, 1.000000000000000000 ) ) ;
#498 = VERTEX_POINT ( 'NONE', #1007 ) ;
#499 = CYLINDRICAL_SURFACE ( 'NONE', #1067, 43.10000000000000142 ) ;
#500 = ORIENTED_EDGE ( 'NONE', *, *, #1003, .F. ) ;
#501 = ADVANCED_FACE ( 'NONE', ( #4 ), #256, .F. ) ;
#502 = ORIENTED_EDGE ( 'NONE', *, *, #525, .T. ) ;
#503 = DIRECTION ( 'NONE',  ( 1.000000000000000000, 0.000000000000000000, 0.000000000000000000 ) ) ;
#504 = ADVANCED_FACE ( 'NONE', ( #686 ), #21, .F. ) ;
#505 = LINE ( 'NONE', #1296, #1203 ) ;
#506 = ORIENTED_EDGE ( 'NONE', *, *, #89, .T. ) ;
#507 = VECTOR ( 'NONE', #830, 1000.000000000000000 ) ;
#508 = VERTEX_POINT ( 'NONE', #449 ) ;
#509 = EDGE_CURVE ( 'NONE', #419, #508, #1345, .T. ) ;
#510 = VECTOR ( 'NONE', #1032, 1000.000000000000000 ) ;
#511 = ORIENTED_EDGE ( 'NONE', *, *, #1108, .F. ) ;
#512 = CARTESIAN_POINT ( 'NONE',  ( 0.000000000000000000, 186.0000000000000000, 0.000000000000000000 ) ) ;
#513 = DIRECTION ( 'NONE',  ( -0.000000000000000000, 0.000000000000000000, 1.000000000000000000 ) ) ;
#514 = CARTESIAN_POINT ( 'NONE',  ( 249.9999999999999147, 15.00000000000000000, -255.0000000000000000 ) ) ;
#515 = VERTEX_POINT ( 'NONE', #1381 ) ;
#516 = VECTOR ( 'NONE', #820, 1000.000000000000000 ) ;
#517 = ORIENTED_EDGE ( 'NONE', *, *, #914, .T. ) ;
#518 = DIRECTION ( 'NONE',  ( 0.000000000000000000, 0.000000000000000000, 1.000000000000000000 ) ) ;
#519 = CARTESIAN_POINT ( 'NONE',  ( 149.9999999999999716, 15.00000000000000000, -156.9000000000000057 ) ) ;
#520 = CARTESIAN_POINT ( 'NONE',  ( 219.9999999999999432, 45.00000000000000000, -255.0000000000000000 ) ) ;
#521 = EDGE_LOOP ( 'NONE', ( #288, #352, #819, #774 ) ) ;
#522 = ORIENTED_EDGE ( 'NONE', *, *, #933, .T. ) ;
#523 = VERTEX_POINT ( 'NONE', #376 ) ;
#524 = DIRECTION ( 'NONE',  ( 1.000000000000000000, 0.000000000000000000, -2.935685882422288853E-16 ) ) ;
#525 = EDGE_CURVE ( 'NONE', #74, #942, #608, .T. ) ;
#526 = CARTESIAN_POINT ( 'NONE',  ( 9.999999999999998224, 5.000000000000000000, -8.000000000000007105 ) ) ;
#527 = ORIENTED_EDGE ( 'NONE', *, *, #442, .F. ) ;
#528 = EDGE_CURVE ( 'NONE', #1264, #189, #955, .T. ) ;
#529 = ORIENTED_EDGE ( 'NONE', *, *, #681, .T. ) ;
#530 = DIRECTION ( 'NONE',  ( -1.000000000000000000, -0.000000000000000000, -0.000000000000000000 ) ) ;
#531 = VECTOR ( 'NONE', #1360, 1000.000000000000000 ) ;
#532 = VECTOR ( 'NONE', #139, 1000.000000000000000 ) ;
#533 = FACE_OUTER_BOUND ( 'NONE', #729, .T. ) ;
#534 = VECTOR ( 'NONE', #551, 1000.000000000000000 ) ;
#535 = DIRECTION ( 'NONE',  ( 0.000000000000000000, -0.000000000000000000, 1.000000000000000000 ) ) ;
#536 = VECTOR ( 'NONE', #290, 1000.000000000000000 ) ;
#537 = EDGE_CURVE ( 'NONE', #767, #515, #840, .T. ) ;
#538 = EDGE_LOOP ( 'NONE', ( #1393, #394, #459, #69 ) ) ;
#539 = CARTESIAN_POINT ( 'NONE',  ( 224.9999999999999716, 45.00000000000000000, -255.0000000000000000 ) ) ;
#540 = DIRECTION ( 'NONE',  ( 0.000000000000000000, 0.000000000000000000, 1.000000000000000000 ) ) ;
#541 = APPLICATION_PROTOCOL_DEFINITION ( 'draft international standard', 'automotive_design', 1998, #1053 ) ;
#542 = LINE ( 'NONE', #650, #1249 ) ;
#543 = ORIENTED_EDGE ( 'NONE', *, *, #1332, .T. ) ;
#544 = ORIENTED_EDGE ( 'NONE', *, *, #979, .F. ) ;
#545 = DIRECTION ( 'NONE',  ( 0.000000000000000000, 1.000000000000000000, -0.000000000000000000 ) ) ;
#546 = PLANE ( 'NONE',  #227 ) ;
#547 = ADVANCED_FACE ( 'NONE', ( #496 ), #405, .T. ) ;
#548 = DIRECTION ( 'NONE',  ( -0.000000000000000000, -1.000000000000000000, -0.000000000000000000 ) ) ;
#549 = EDGE_CURVE ( 'NONE', #604, #715, #720, .T. ) ;
#550 = ORIENTED_EDGE ( 'NONE', *, *, #1306, .T. ) ;
#551 = DIRECTION ( 'NONE',  ( 0.000000000000000000, 0.000000000000000000, 1.000000000000000000 ) ) ;
#552 = DIRECTION ( 'NONE',  ( -1.000000000000000000, -0.000000000000000000, -0.000000000000000000 ) ) ;
#553 = EDGE_CURVE ( 'NONE', #280, #206, #46, .T. ) ;
#554 = VECTOR ( 'NONE', #497, 1000.000000000000000 ) ;
#555 = CARTESIAN_POINT ( 'NONE',  ( 0.000000000000000000, 186.0000000000000000, -358.0000000000000000 ) ) ;
#556 = PLANE ( 'NONE',  #976 ) ;
#557 = LINE ( 'NONE', #999, #807 ) ;
#558 = DIRECTION ( 'NONE',  ( 0.000000000000000000, -0.000000000000000000, 1.000000000000000000 ) ) ;
#559 = CIRCLE ( 'NONE', #252, 43.10000000000000142 ) ;
#560 = VECTOR ( 'NONE', #1218, 1000.000000000000000 ) ;
#561 = AXIS2_PLACEMENT_3D ( 'NONE', #1098, #649, #1090 ) ;
#562 = ORIENTED_EDGE ( 'NONE', *, *, #658, .F. ) ;
#563 = LINE ( 'NONE', #1357, #382 ) ;
#564 = CARTESIAN_POINT ( 'NONE',  ( 5.000000000000000000, 186.0000000000000000, -353.0000000000000000 ) ) ;
#565 = CARTESIAN_POINT ( 'NONE',  ( 5.000000000000004441, 180.9999999999999432, -353.0000000000000000 ) ) ;
#566 = LINE ( 'NONE', #1247, #94 ) ;
#567 = VERTEX_POINT ( 'NONE', #61 ) ;
#568 = CARTESIAN_POINT ( 'NONE',  ( 417.0000000000000000, 186.0000000000000000, 0.000000000000000000 ) ) ;
#569 = DIRECTION ( 'NONE',  ( 0.000000000000000000, 0.000000000000000000, 1.000000000000000000 ) ) ;
#570 = DIRECTION ( 'NONE',  ( -1.000000000000000000, 0.000000000000000000, -0.000000000000000000 ) ) ;
#571 = LINE ( 'NONE', #214, #253 ) ;
#572 = DIRECTION ( 'NONE',  ( 1.000000000000000000, 0.000000000000000000, 0.000000000000000000 ) ) ;
#573 = EDGE_CURVE ( 'NONE', #1242, #372, #1160, .T. ) ;
#574 = AXIS2_PLACEMENT_3D ( 'NONE', #1123, #1011, #1237 ) ;
#575 = VERTEX_POINT ( 'NONE', #1400 ) ;
#576 = LINE ( 'NONE', #460, #953 ) ;
#577 = VECTOR ( 'NONE', #114, 1000.000000000000000 ) ;
#578 = ORIENTED_EDGE ( 'NONE', *, *, #1172, .F. ) ;
#579 = DIRECTION ( 'NONE',  ( -0.000000000000000000, -1.000000000000000000, -0.000000000000000000 ) ) ;
#580 = CARTESIAN_POINT ( 'NONE',  ( -343.0359176866663802, 180.9999999999999432, 0.000000000000000000 ) ) ;
#581 = DIRECTION ( 'NONE',  ( 0.000000000000000000, 0.000000000000000000, 1.000000000000000000 ) ) ;
#582 = VECTOR ( 'NONE', #548, 1000.000000000000000 ) ;
#583 = PRESENTATION_LAYER_ASSIGNMENT (  '', '', ( #737 ) ) ;
#584 = ORIENTED_EDGE ( 'NONE', *, *, #222, .F. ) ;
#585 = CARTESIAN_POINT ( 'NONE',  ( 160.0000000000000000, 11.29437251522846708, -20.00000000000000000 ) ) ;
#586 = DIRECTION ( 'NONE',  ( 0.000000000000000000, -1.000000000000000000, 0.000000000000000000 ) ) ;
#587 = DIRECTION ( 'NONE',  ( 1.000000000000000000, -0.000000000000000000, -0.000000000000000000 ) ) ;
#588 =( LENGTH_UNIT ( ) NAMED_UNIT ( * ) SI_UNIT ( .MILLI., .METRE. ) );
#589 = CARTESIAN_POINT ( 'NONE',  ( 1.170762339984869499E-14, 105.0000000000000142, -262.3999999999999773 ) ) ;
#590 = DIRECTION ( 'NONE',  ( -1.000000000000000000, 0.000000000000000000, 0.000000000000000000 ) ) ;
#591 = ORIENTED_EDGE ( 'NONE', *, *, #617, .F. ) ;
#592 = CARTESIAN_POINT ( 'NONE',  ( 249.9999999999999147, 45.00000000000000000, -255.0000000000000000 ) ) ;
#593 = PLANE ( 'NONE',  #1420 ) ;
#594 = EDGE_CURVE ( 'NONE', #78, #951, #1284, .T. ) ;
#595 = LINE ( 'NONE', #603, #634 ) ;
#596 = EDGE_CURVE ( 'NONE', #473, #1024, #1276, .T. ) ;
#597 = ORIENTED_EDGE ( 'NONE', *, *, #1437, .F. ) ;
#598 = LINE ( 'NONE', #727, #435 ) ;
#599 = ORIENTED_EDGE ( 'NONE', *, *, #332, .F. ) ;
#600 = ADVANCED_FACE ( 'NONE', ( #602 ), #282, .F. ) ;
#601 = EDGE_LOOP ( 'NONE', ( #746, #638, #644, #1148 ) ) ;
#602 = FACE_OUTER_BOUND ( 'NONE', #1419, .T. ) ;
#603 = CARTESIAN_POINT ( 'NONE',  ( 160.3222456700906662, 156.0000000000000000, -65.00000000000000000 ) ) ;
#604 = VERTEX_POINT ( 'NONE', #165 ) ;
#605 = FACE_OUTER_BOUND ( 'NONE', #307, .T. ) ;
#606 = COLOUR_RGB ( '',0.7921568627450980005, 0.8196078431372548767, 0.9333333333333333481 ) ;
#607 = AXIS2_PLACEMENT_3D ( 'NONE', #329, #431, #448 ) ;
#608 = LINE ( 'NONE', #512, #215 ) ;
#609 = VERTEX_POINT ( 'NONE', #399 ) ;
#610 = DIRECTION ( 'NONE',  ( 0.000000000000000000, 0.000000000000000000, 1.000000000000000000 ) ) ;
#611 = VERTEX_POINT ( 'NONE', #1293 ) ;
#612 = EDGE_CURVE ( 'NONE', #1379, #1159, #289, .T. ) ;
#613 = ORIENTED_EDGE ( 'NONE', *, *, #1146, .F. ) ;
#614 = CARTESIAN_POINT ( 'NONE',  ( 0.000000000000000000, 0.000000000000000000, 0.000000000000000000 ) ) ;
#615 = DIRECTION ( 'NONE',  ( 1.000000000000000000, 0.000000000000000000, 0.000000000000000000 ) ) ;
#616 = ORIENTED_EDGE ( 'NONE', *, *, #374, .F. ) ;
#617 = EDGE_CURVE ( 'NONE', #47, #1268, #627, .T. ) ;
#618 = DIRECTION ( 'NONE',  ( -1.000000000000000000, 0.000000000000000000, 0.000000000000000000 ) ) ;
#619 = EDGE_LOOP ( 'NONE', ( #1236, #436, #1362, #1200 ) ) ;
#620 = LINE ( 'NONE', #1189, #1234 ) ;
#621 = ORIENTED_EDGE ( 'NONE', *, *, #1438, .F. ) ;
#622 = PLANE ( 'NONE',  #1155 ) ;
#623 = VECTOR ( 'NONE', #962, 1000.000000000000000 ) ;
#624 = LINE ( 'NONE', #163, #926 ) ;
#625 = VECTOR ( 'NONE', #667, 1000.000000000000000 ) ;
#626 = ORIENTED_EDGE ( 'NONE', *, *, #415, .T. ) ;
#627 = LINE ( 'NONE', #1037, #623 ) ;
#628 = LINE ( 'NONE', #302, #804 ) ;
#629 = DIRECTION ( 'NONE',  ( 2.935685882422288853E-16, 0.000000000000000000, 1.000000000000000000 ) ) ;
#630 = VERTEX_POINT ( 'NONE', #41 ) ;
#631 = ORIENTED_EDGE ( 'NONE', *, *, #977, .F. ) ;
#632 = DIRECTION ( 'NONE',  ( 0.000000000000000000, 1.000000000000000000, 0.000000000000000000 ) ) ;
#633 = DIRECTION ( 'NONE',  ( -2.935685882422288853E-16, 0.000000000000000000, -1.000000000000000000 ) ) ;
#634 = VECTOR ( 'NONE', #552, 1000.000000000000000 ) ;
#635 = CARTESIAN_POINT ( 'NONE',  ( 269.9999999999999432, 15.00000000000000000, -268.0000000000000000 ) ) ;
#636 = ADVANCED_FACE ( 'NONE', ( #1407 ), #708, .T. ) ;
#637 = CARTESIAN_POINT ( 'NONE',  ( 234.9999999999999432, 15.00000000000000000, -255.0000000000000000 ) ) ;
#638 = ORIENTED_EDGE ( 'NONE', *, *, #847, .F. ) ;
#639 = EDGE_LOOP ( 'NONE', ( #1315, #1292, #500, #234 ) ) ;
#640 = DIRECTION ( 'NONE',  ( -1.000000000000000000, 0.000000000000000000, 0.000000000000000000 ) ) ;
#641 = VERTEX_POINT ( 'NONE', #208 ) ;
#642 = CARTESIAN_POINT ( 'NONE',  ( 39.99999999999995737, 11.29437251522846708, -20.00000000000000000 ) ) ;
#643 = CARTESIAN_POINT ( 'NONE',  ( 5.000000000000004441, 71.00000000000000000, -65.00000000000000000 ) ) ;
#644 = ORIENTED_EDGE ( 'NONE', *, *, #528, .F. ) ;
#645 = ORIENTED_EDGE ( 'NONE', *, *, #509, .T. ) ;
#646 = DIRECTION ( 'NONE',  ( -0.000000000000000000, -1.000000000000000000, -0.000000000000000000 ) ) ;
#647 = VECTOR ( 'NONE', #209, 1000.000000000000000 ) ;
#648 = DIRECTION ( 'NONE',  ( -4.625929269271485914E-16, 0.000000000000000000, -1.000000000000000000 ) ) ;
#649 = DIRECTION ( 'NONE',  ( 0.000000000000000000, 0.000000000000000000, 1.000000000000000000 ) ) ;
#650 = CARTESIAN_POINT ( 'NONE',  ( 412.0000000000000000, 186.0000000000000000, -353.0000000000000000 ) ) ;
#651 = ORIENTED_EDGE ( 'NONE', *, *, #400, .F. ) ;
#652 = EDGE_CURVE ( 'NONE', #196, #36, #1321, .T. ) ;
#653 = ORIENTED_EDGE ( 'NONE', *, *, #89, .F. ) ;
#654 = ADVANCED_FACE ( 'NONE', ( #978 ), #880, .F. ) ;
#655 = DIRECTION ( 'NONE',  ( -1.000000000000000000, -0.000000000000000000, -0.000000000000000000 ) ) ;
#656 = CARTESIAN_POINT ( 'NONE',  ( 5.000000000000000000, 105.0000000000000142, -353.0000000000000000 ) ) ;
#657 = LINE ( 'NONE', #1417, #55 ) ;
#658 = EDGE_CURVE ( 'NONE', #515, #1242, #319, .T. ) ;
#659 = ADVANCED_FACE ( 'NONE', ( #889 ), #440, .F. ) ;
#660 = EDGE_LOOP ( 'NONE', ( #284, #1001, #331, #1095 ) ) ;
#661 = VECTOR ( 'NONE', #646, 1000.000000000000000 ) ;
#662 = CARTESIAN_POINT ( 'NONE',  ( 239.9999999999999716, 15.00000000000000000, -120.0000000000000000 ) ) ;
#663 = DIRECTION ( 'NONE',  ( -1.000000000000000000, 0.000000000000000000, 0.000000000000000000 ) ) ;
#664 = DIRECTION ( 'NONE',  ( -1.000000000000000000, -0.000000000000000000, -0.000000000000000000 ) ) ;
#665 = DIRECTION ( 'NONE',  ( 2.135044278125300850E-16, 0.000000000000000000, 1.000000000000000000 ) ) ;
#666 = ORIENTED_EDGE ( 'NONE', *, *, #1003, .T. ) ;
#667 = DIRECTION ( 'NONE',  ( -0.000000000000000000, -1.000000000000000000, -0.000000000000000000 ) ) ;
#668 = PLANE ( 'NONE',  #1359 ) ;
#669 = CARTESIAN_POINT ( 'NONE',  ( 239.9999999999999716, 45.00000000000000000, -255.0000000000000000 ) ) ;
#670 = CARTESIAN_POINT ( 'NONE',  ( 0.000000000000000000, 0.000000000000000000, 0.000000000000000000 ) ) ;
#671 = AXIS2_PLACEMENT_3D ( 'NONE', #1145, #145, #70 ) ;
#672 = DIRECTION ( 'NONE',  ( -1.000000000000000000, 0.000000000000000000, 2.135044278125300850E-16 ) ) ;
#673 = AXIS2_PLACEMENT_3D ( 'NONE', #231, #1118, #116 ) ;
#674 = ORIENTED_EDGE ( 'NONE', *, *, #867, .T. ) ;
#675 = LINE ( 'NONE', #241, #17 ) ;
#676 = DIRECTION ( 'NONE',  ( 2.935685882422288853E-16, 0.000000000000000000, 1.000000000000000000 ) ) ;
#677 = PLANE ( 'NONE',  #275 ) ;
#678 = DIRECTION ( 'NONE',  ( 0.000000000000000000, 1.000000000000000000, 0.000000000000000000 ) ) ;
#679 = ADVANCED_FACE ( 'NONE', ( #200 ), #1207, .T. ) ;
#680 = CARTESIAN_POINT ( 'NONE',  ( 142.3000000000000114, 105.0000000000000142, -358.0000000000000000 ) ) ;
#681 = EDGE_CURVE ( 'NONE', #160, #1015, #922, .T. ) ;
#682 = ORIENTED_EDGE ( 'NONE', *, *, #287, .T. ) ;
#683 = ORIENTED_EDGE ( 'NONE', *, *, #1392, .T. ) ;
#684 = DIRECTION ( 'NONE',  ( 0.000000000000000000, 0.000000000000000000, -1.000000000000000000 ) ) ;
#685 = ADVANCED_FACE ( 'NONE', ( #533 ), #100, .F. ) ;
#686 = FACE_OUTER_BOUND ( 'NONE', #1383, .T. ) ;
#687 = VERTEX_POINT ( 'NONE', #308 ) ;
#688 = LINE ( 'NONE', #1004, #421 ) ;
#689 = PLANE ( 'NONE',  #1231 ) ;
#690 = SURFACE_STYLE_FILL_AREA ( #908 ) ;
#691 = VECTOR ( 'NONE', #1188, 1000.000000000000000 ) ;
#692 = DIRECTION ( 'NONE',  ( 0.000000000000000000, 0.000000000000000000, -1.000000000000000000 ) ) ;
#693 = LINE ( 'NONE', #146, #1287 ) ;
#694 =( GEOMETRIC_REPRESENTATION_CONTEXT ( 3 ) GLOBAL_UNCERTAINTY_ASSIGNED_CONTEXT ( ( #239 ) ) GLOBAL_UNIT_ASSIGNED_CONTEXT ( ( #588, #27, #1291 ) ) REPRESENTATION_CONTEXT ( 'NONE', 'WORKASPACE' ) );
#695 = VERTEX_POINT ( 'NONE', #328 ) ;
#696 = VECTOR ( 'NONE', #412, 1000.000000000000000 ) ;
#697 = EDGE_CURVE ( 'NONE', #1390, #567, #92, .T. ) ;
#698 = ADVANCED_FACE ( 'NONE', ( #872 ), #301, .F. ) ;
#699 = CARTESIAN_POINT ( 'NONE',  ( 160.3222456700906662, 71.00000000000000000, 0.000000000000000000 ) ) ;
#700 = VECTOR ( 'NONE', #827, 1000.000000000000000 ) ;
#701 = DIRECTION ( 'NONE',  ( -0.000000000000000000, -1.000000000000000000, -0.000000000000000000 ) ) ;
#702 = ORIENTED_EDGE ( 'NONE', *, *, #1021, .T. ) ;
#703 = DIRECTION ( 'NONE',  ( 1.000000000000000000, 0.000000000000000000, -2.055968564120660023E-16 ) ) ;
#704 = EDGE_CURVE ( 'NONE', #124, #611, #1174, .T. ) ;
#705 = EDGE_LOOP ( 'NONE', ( #407, #683, #1049, #982 ) ) ;
#706 = CARTESIAN_POINT ( 'NONE',  ( 5.000000000000000000, 186.0000000000000000, -353.0000000000000000 ) ) ;
#707 = EDGE_LOOP ( 'NONE', ( #22, #181, #347, #584 ) ) ;
#708 = PLANE ( 'NONE',  #671 ) ;
#709 = ORIENTED_EDGE ( 'NONE', *, *, #203, .T. ) ;
#710 = DIRECTION ( 'NONE',  ( -0.000000000000000000, -1.000000000000000000, -0.000000000000000000 ) ) ;
#711 = CARTESIAN_POINT ( 'NONE',  ( 254.9999999999999432, 15.00000000000000000, -120.0000000000000000 ) ) ;
#712 = ORIENTED_EDGE ( 'NONE', *, *, #1309, .T. ) ;
#713 = DIRECTION ( 'NONE',  ( -1.000000000000000000, 0.000000000000000000, -0.000000000000000000 ) ) ;
#714 = PLANE ( 'NONE',  #876 ) ;
#715 = VERTEX_POINT ( 'NONE', #1075 ) ;
#716 = DIRECTION ( 'NONE',  ( 0.000000000000000000, 0.000000000000000000, 1.000000000000000000 ) ) ;
#717 = EDGE_CURVE ( 'NONE', #157, #854, #411, .T. ) ;
#718 = VECTOR ( 'NONE', #220, 1000.000000000000000 ) ;
#719 = ORIENTED_EDGE ( 'NONE', *, *, #652, .T. ) ;
#720 = LINE ( 'NONE', #1301, #1093 ) ;
#721 = EDGE_CURVE ( 'NONE', #891, #1190, #1311, .T. ) ;
#722 = DIRECTION ( 'NONE',  ( 2.055968564120660023E-16, 0.000000000000000000, 1.000000000000000000 ) ) ;
#723 = EDGE_LOOP ( 'NONE', ( #56, #506, #502, #211 ) ) ;
#724 = DIRECTION ( 'NONE',  ( 1.000000000000000000, 0.000000000000000000, 0.000000000000000000 ) ) ;
#725 = AXIS2_PLACEMENT_3D ( 'NONE', #834, #849, #713 ) ;
#726 = ORIENTED_EDGE ( 'NONE', *, *, #537, .F. ) ;
#727 = CARTESIAN_POINT ( 'NONE',  ( 5.000000000000004441, 71.00000000000000000, 0.000000000000000000 ) ) ;
#728 = CARTESIAN_POINT ( 'NONE',  ( 39.99999999999992895, 180.9999999999999432, -140.0000000000000000 ) ) ;
#729 = EDGE_LOOP ( 'NONE', ( #313, #739, #1036, #1380 ) ) ;
#730 = DIRECTION ( 'NONE',  ( -0.000000000000000000, -1.000000000000000000, -0.000000000000000000 ) ) ;
#731 = ORIENTED_EDGE ( 'NONE', *, *, #897, .F. ) ;
#732 = CARTESIAN_POINT ( 'NONE',  ( 254.9999999999999432, 15.00000000000000000, -255.0000000000000000 ) ) ;
#733 = DIRECTION ( 'NONE',  ( -0.000000000000000000, -1.000000000000000000, -0.000000000000000000 ) ) ;
#734 = LINE ( 'NONE', #637, #1227 ) ;
#735 = EDGE_LOOP ( 'NONE', ( #1319, #1414, #154, #1115 ) ) ;
#736 = ORIENTED_EDGE ( 'NONE', *, *, #415, .F. ) ;
#737 = STYLED_ITEM ( 'NONE', ( #466 ), #1016 ) ;
#738 = ADVANCED_FACE ( 'NONE', ( #1096, #1088, #864 ), #1194, .T. ) ;
#739 = ORIENTED_EDGE ( 'NONE', *, *, #871, .F. ) ;
#740 = CARTESIAN_POINT ( 'NONE',  ( 412.0000000000000000, 186.0000000000000000, -5.000000000000000000 ) ) ;
#741 = ADVANCED_FACE ( 'NONE', ( #192 ), #556, .F. ) ;
#742 = CARTESIAN_POINT ( 'NONE',  ( 249.9999999999999147, 45.00000000000000000, -255.0000000000000000 ) ) ;
#743 = VERTEX_POINT ( 'NONE', #424 ) ;
#744 = ORIENTED_EDGE ( 'NONE', *, *, #248, .T. ) ;
#745 = DIRECTION ( 'NONE',  ( -0.000000000000000000, -1.000000000000000000, -0.000000000000000000 ) ) ;
#746 = ORIENTED_EDGE ( 'NONE', *, *, #1438, .T. ) ;
#747 = CARTESIAN_POINT ( 'NONE',  ( 149.9999999999999716, 45.00000000000000000, -200.0000000000000000 ) ) ;
#748 = LINE ( 'NONE', #223, #1043 ) ;
#749 = VERTEX_POINT ( 'NONE', #1031 ) ;
#750 = ORIENTED_EDGE ( 'NONE', *, *, #392, .T. ) ;
#751 = EDGE_LOOP ( 'NONE', ( #631, #478 ) ) ;
#752 = DIRECTION ( 'NONE',  ( -2.055968564120660023E-16, 0.000000000000000000, -1.000000000000000000 ) ) ;
#753 = CARTESIAN_POINT ( 'NONE',  ( 0.000000000000000000, 0.000000000000000000, 0.000000000000000000 ) ) ;
#754 = EDGE_LOOP ( 'NONE', ( #367, #397, #938, #398 ) ) ;
#755 = DIRECTION ( 'NONE',  ( -0.000000000000000000, -1.000000000000000000, -0.000000000000000000 ) ) ;
#756 = EDGE_CURVE ( 'NONE', #763, #604, #778, .T. ) ;
#757 = DIRECTION ( 'NONE',  ( -0.000000000000000000, -1.000000000000000000, 0.000000000000000000 ) ) ;
#758 = CIRCLE ( 'NONE', #1372, 43.10000000000000142 ) ;
#759 = PLANE ( 'NONE',  #673 ) ;
#760 = PLANE ( 'NONE',  #1280 ) ;
#761 = ADVANCED_FACE ( 'NONE', ( #10 ), #677, .F. ) ;
#762 = CARTESIAN_POINT ( 'NONE',  ( 0.000000000000000000, 0.000000000000000000, 0.000000000000000000 ) ) ;
#763 = VERTEX_POINT ( 'NONE', #137 ) ;
#764 = ORIENTED_EDGE ( 'NONE', *, *, #1059, .F. ) ;
#765 = DIRECTION ( 'NONE',  ( -0.000000000000000000, -1.000000000000000000, -0.000000000000000000 ) ) ;
#766 = FACE_OUTER_BOUND ( 'NONE', #1313, .T. ) ;
#767 = VERTEX_POINT ( 'NONE', #802 ) ;
#768 = CARTESIAN_POINT ( 'NONE',  ( 219.9999999999999432, 45.00000000000000000, -255.0000000000000000 ) ) ;
#769 = VECTOR ( 'NONE', #158, 1000.000000000000000 ) ;
#770 = LINE ( 'NONE', #1350, #452 ) ;
#771 = LINE ( 'NONE', #474, #718 ) ;
#772 = CARTESIAN_POINT ( 'NONE',  ( 0.000000000000000000, 15.00000000000000000, 0.000000000000000000 ) ) ;
#773 = CARTESIAN_POINT ( 'NONE',  ( 234.9999999999999432, 45.00000000000000000, -255.0000000000000000 ) ) ;
#774 = ORIENTED_EDGE ( 'NONE', *, *, #851, .F. ) ;
#775 = LINE ( 'NONE', #568, #1444 ) ;
#776 = EDGE_CURVE ( 'NONE', #236, #695, #1117, .T. ) ;
#777 = DIRECTION ( 'NONE',  ( -1.000000000000000000, -0.000000000000000000, -0.000000000000000000 ) ) ;
#778 = LINE ( 'NONE', #254, #941 ) ;
#779 = DIRECTION ( 'NONE',  ( 0.000000000000000000, 0.000000000000000000, 1.000000000000000000 ) ) ;
#780 = ADVANCED_FACE ( 'NONE', ( #481 ), #465, .F. ) ;
#781 = DIRECTION ( 'NONE',  ( -0.000000000000000000, -1.000000000000000000, -0.000000000000000000 ) ) ;
#782 = AXIS2_PLACEMENT_3D ( 'NONE', #580, #1371, #1020 ) ;
#783 = DIRECTION ( 'NONE',  ( 0.000000000000000000, -1.000000000000000000, 0.000000000000000000 ) ) ;
#784 = ORIENTED_EDGE ( 'NONE', *, *, #786, .F. ) ;
#785 = CARTESIAN_POINT ( 'NONE',  ( 239.9999999999999716, 15.00000000000000000, -255.0000000000000000 ) ) ;
#786 = EDGE_CURVE ( 'NONE', #695, #402, #1365, .T. ) ;
#787 = ORIENTED_EDGE ( 'NONE', *, *, #806, .T. ) ;
#788 = CARTESIAN_POINT ( 'NONE',  ( 219.9999999999999716, 45.00000000000000000, -120.0000000000000000 ) ) ;
#789 = FACE_OUTER_BOUND ( 'NONE', #521, .T. ) ;
#790 = LINE ( 'NONE', #457, #299 ) ;
#791 = ORIENTED_EDGE ( 'NONE', *, *, #486, .T. ) ;
#792 = DIRECTION ( 'NONE',  ( 2.055968564120660023E-16, 0.000000000000000000, 1.000000000000000000 ) ) ;
#793 = CARTESIAN_POINT ( 'NONE',  ( 5.000000000000000000, 5.000000000000000000, -5.000000000000000000 ) ) ;
#794 = DIRECTION ( 'NONE',  ( -0.000000000000000000, -1.000000000000000000, -0.000000000000000000 ) ) ;
#795 = SURFACE_SIDE_STYLE ('',( #690 ) ) ;
#796 = CARTESIAN_POINT ( 'NONE',  ( 412.0000000000000000, 5.000000000000000000, -5.000000000000000000 ) ) ;
#797 = LINE ( 'NONE', #1102, #1094 ) ;
#798 = ORIENTED_EDGE ( 'NONE', *, *, #1331, .F. ) ;
#799 = EDGE_CURVE ( 'NONE', #641, #1242, #34, .T. ) ;
#800 = EDGE_CURVE ( 'NONE', #1404, #749, #120, .T. ) ;
#801 = DIRECTION ( 'NONE',  ( 2.312964634635742957E-16, -0.000000000000000000, 1.000000000000000000 ) ) ;
#802 = CARTESIAN_POINT ( 'NONE',  ( 417.0000000000000000, 0.000000000000000000, 0.000000000000000000 ) ) ;
#803 = LINE ( 'NONE', #952, #950 ) ;
#804 = VECTOR ( 'NONE', #970, 1000.000000000000000 ) ;
#805 = CARTESIAN_POINT ( 'NONE',  ( 417.0000000000000000, 5.000000000000000000, 0.000000000000000000 ) ) ;
#806 = EDGE_CURVE ( 'NONE', #611, #124, #39, .T. ) ;
#807 = VECTOR ( 'NONE', #349, 1000.000000000000000 ) ;
#808 = ORIENTED_EDGE ( 'NONE', *, *, #1434, .T. ) ;
#809 = CARTESIAN_POINT ( 'NONE',  ( 412.0000000000000000, 186.0000000000000000, -5.000000000000000000 ) ) ;
#810 = VECTOR ( 'NONE', #1150, 1000.000000000000000 ) ;
#811 = ORIENTED_EDGE ( 'NONE', *, *, #1263, .F. ) ;
#812 = CARTESIAN_POINT ( 'NONE',  ( 142.3000000000000114, 105.0000000000000142, -262.3999999999999773 ) ) ;
#813 = ORIENTED_EDGE ( 'NONE', *, *, #184, .F. ) ;
#814 = DIRECTION ( 'NONE',  ( 1.000000000000000000, 0.000000000000000000, 0.000000000000000000 ) ) ;
#815 = ORIENTED_EDGE ( 'NONE', *, *, #800, .T. ) ;
#816 = DIRECTION ( 'NONE',  ( -1.000000000000000000, 0.000000000000000000, 0.000000000000000000 ) ) ;
#817 = VECTOR ( 'NONE', #401, 1000.000000000000000 ) ;
#818 = ORIENTED_EDGE ( 'NONE', *, *, #136, .F. ) ;
#819 = ORIENTED_EDGE ( 'NONE', *, *, #49, .T. ) ;
#820 = DIRECTION ( 'NONE',  ( 2.055968564120660023E-16, 0.000000000000000000, 1.000000000000000000 ) ) ;
#821 = CARTESIAN_POINT ( 'NONE',  ( 219.9999999999999432, 15.00000000000000000, -255.0000000000000000 ) ) ;
#822 = ORIENTED_EDGE ( 'NONE', *, *, #222, .T. ) ;
#823 = CARTESIAN_POINT ( 'NONE',  ( 5.000000000000004441, 156.0000000000000000, 0.000000000000000000 ) ) ;
#824 = AXIS2_PLACEMENT_3D ( 'NONE', #989, #545, #314 ) ;
#825 = ORIENTED_EDGE ( 'NONE', *, *, #63, .F. ) ;
#826 = ADVANCED_FACE ( 'NONE', ( #1238 ), #689, .F. ) ;
#827 = DIRECTION ( 'NONE',  ( 2.055968564120660023E-16, 0.000000000000000000, 1.000000000000000000 ) ) ;
#828 = LINE ( 'NONE', #64, #1211 ) ;
#829 = ORIENTED_EDGE ( 'NONE', *, *, #776, .F. ) ;
#830 = DIRECTION ( 'NONE',  ( -0.000000000000000000, 0.000000000000000000, 1.000000000000000000 ) ) ;
#831 = AXIS2_PLACEMENT_3D ( 'NONE', #1135, #783, #110 ) ;
#832 = AXIS2_PLACEMENT_3D ( 'NONE', #669, #348, #336 ) ;
#833 = VERTEX_POINT ( 'NONE', #128 ) ;
#834 = CARTESIAN_POINT ( 'NONE',  ( 160.3222456700906662, 0.000000000000000000, -65.00000000000000000 ) ) ;
#835 = DIRECTION ( 'NONE',  ( -0.000000000000000000, -0.000000000000000000, -1.000000000000000000 ) ) ;
#836 = EDGE_LOOP ( 'NONE', ( #494, #50, #1355, #60 ) ) ;
#837 = CARTESIAN_POINT ( 'NONE',  ( 9.999999999999921840, 15.00000000000000000, -268.0000000000000000 ) ) ;
#838 = ORIENTED_EDGE ( 'NONE', *, *, #553, .F. ) ;
#839 = ORIENTED_EDGE ( 'NONE', *, *, #1046, .F. ) ;
#840 = LINE ( 'NONE', #278, #1010 ) ;
#841 = CARTESIAN_POINT ( 'NONE',  ( 0.000000000000000000, 15.00000000000000000, -262.3999999999999773 ) ) ;
#842 = CARTESIAN_POINT ( 'NONE',  ( 239.9999999999999716, 45.00000000000000000, -255.0000000000000000 ) ) ;
#843 = ORIENTED_EDGE ( 'NONE', *, *, #786, .T. ) ;
#844 = ADVANCED_FACE ( 'NONE', ( #1342 ), #1012, .F. ) ;
#845 = ORIENTED_EDGE ( 'NONE', *, *, #1306, .F. ) ;
#846 = LINE ( 'NONE', #1300, #57 ) ;
#847 = EDGE_CURVE ( 'NONE', #189, #1199, #1005, .T. ) ;
#848 = EDGE_LOOP ( 'NONE', ( #578, #898, #1164, #144 ) ) ;
#849 = DIRECTION ( 'NONE',  ( 0.000000000000000000, 0.000000000000000000, -1.000000000000000000 ) ) ;
#850 = SHAPE_DEFINITION_REPRESENTATION ( #317, #135 ) ;
#851 = EDGE_CURVE ( 'NONE', #715, #102, #362, .T. ) ;
#852 = DIRECTION ( 'NONE',  ( 1.000000000000000000, 0.000000000000000000, 0.000000000000000000 ) ) ;
#853 = ORIENTED_EDGE ( 'NONE', *, *, #1042, .F. ) ;
#854 = VERTEX_POINT ( 'NONE', #1138 ) ;
#855 = AXIS2_PLACEMENT_3D ( 'NONE', #455, #678, #540 ) ;
#856 = ORIENTED_EDGE ( 'NONE', *, *, #776, .T. ) ;
#857 = CARTESIAN_POINT ( 'NONE',  ( 234.9999999999999716, 45.00000000000000000, -120.0000000000000000 ) ) ;
#858 = FACE_OUTER_BOUND ( 'NONE', #848, .T. ) ;
#859 = DIRECTION ( 'NONE',  ( 1.000000000000000000, 0.000000000000000000, -0.000000000000000000 ) ) ;
#860 = DIRECTION ( 'NONE',  ( -0.000000000000000000, -1.000000000000000000, -0.000000000000000000 ) ) ;
#861 = EDGE_LOOP ( 'NONE', ( #1120, #973, #403, #167, #702, #45, #813, #453, #118, #825 ) ) ;
#862 = ORIENTED_EDGE ( 'NONE', *, *, #721, .F. ) ;
#863 = ORIENTED_EDGE ( 'NONE', *, *, #335, .F. ) ;
#864 = FACE_OUTER_BOUND ( 'NONE', #723, .T. ) ;
#865 = CARTESIAN_POINT ( 'NONE',  ( 412.0000000000000000, 186.0000000000000000, -353.0000000000000000 ) ) ;
#866 = LINE ( 'NONE', #1084, #560 ) ;
#867 = EDGE_CURVE ( 'NONE', #951, #419, #1224, .T. ) ;
#868 = VERTEX_POINT ( 'NONE', #454 ) ;
#869 = CARTESIAN_POINT ( 'NONE',  ( 234.9999999999999432, 15.00000000000000000, -255.0000000000000000 ) ) ;
#870 = AXIS2_PLACEMENT_3D ( 'NONE', #28, #919, #238 ) ;
#871 = EDGE_CURVE ( 'NONE', #1144, #523, #771, .T. ) ;
#872 = FACE_OUTER_BOUND ( 'NONE', #639, .T. ) ;
#873 = CARTESIAN_POINT ( 'NONE',  ( 9.999999999999998224, 15.00000000000000000, -8.000000000000007105 ) ) ;
#874 = LINE ( 'NONE', #80, #180 ) ;
#875 = DIRECTION ( 'NONE',  ( 0.000000000000000000, 0.000000000000000000, -1.000000000000000000 ) ) ;
#876 = AXIS2_PLACEMENT_3D ( 'NONE', #153, #1056, #875 ) ;
#877 = ORIENTED_EDGE ( 'NONE', *, *, #184, .T. ) ;
#878 = CARTESIAN_POINT ( 'NONE',  ( 412.0000000000000000, 105.0000000000000142, -353.0000000000000000 ) ) ;
#879 = ORIENTED_EDGE ( 'NONE', *, *, #1388, .T. ) ;
#880 = PLANE ( 'NONE',  #1220 ) ;
#881 = VECTOR ( 'NONE', #1002, 1000.000000000000000 ) ;
#882 = DIRECTION ( 'NONE',  ( 1.000000000000000000, 0.000000000000000000, 0.000000000000000000 ) ) ;
#883 = AXIS2_PLACEMENT_3D ( 'NONE', #1302, #1295, #1195 ) ;
#884 = LINE ( 'NONE', #1198, #949 ) ;
#885 = ORIENTED_EDGE ( 'NONE', *, *, #351, .F. ) ;
#886 = VECTOR ( 'NONE', #835, 1000.000000000000000 ) ;
#887 = CARTESIAN_POINT ( 'NONE',  ( 0.000000000000000000, 156.0000000000000000, -65.00000000000000000 ) ) ;
#888 = DIRECTION ( 'NONE',  ( 1.000000000000000000, 0.000000000000000000, 0.000000000000000000 ) ) ;
#889 = FACE_OUTER_BOUND ( 'NONE', #707, .T. ) ;
#890 = CARTESIAN_POINT ( 'NONE',  ( 149.9999999999999716, 307.9052090765607659, -156.9000000000000057 ) ) ;
#891 = VERTEX_POINT ( 'NONE', #1230 ) ;
#892 = ADVANCED_FACE ( 'NONE', ( #916, #1111 ), #107, .T. ) ;
#893 = DIRECTION ( 'NONE',  ( 0.000000000000000000, 1.000000000000000000, 0.000000000000000000 ) ) ;
#894 = CARTESIAN_POINT ( 'NONE',  ( 39.99999999999995737, 11.29437251522846708, -20.00000000000000000 ) ) ;
#895 = DIRECTION ( 'NONE',  ( 1.000000000000000000, 0.000000000000000000, 0.000000000000000000 ) ) ;
#896 = CARTESIAN_POINT ( 'NONE',  ( 0.000000000000000000, 45.00000000000000000, 0.000000000000000000 ) ) ;
#897 = EDGE_CURVE ( 'NONE', #372, #767, #1208, .T. ) ;
#898 = ORIENTED_EDGE ( 'NONE', *, *, #806, .F. ) ;
#899 = CARTESIAN_POINT ( 'NONE',  ( 149.9999999999999716, 186.0000000000000000, -200.0000000000000000 ) ) ;
#900 = LINE ( 'NONE', #355, #197 ) ;
#901 = CARTESIAN_POINT ( 'NONE',  ( 269.9999999999999432, 15.00000000000000000, -268.0000000000000000 ) ) ;
#902 = FACE_BOUND ( 'NONE', #444, .T. ) ;
#903 = AXIS2_PLACEMENT_3D ( 'NONE', #23, #1356, #1451 ) ;
#904 = CARTESIAN_POINT ( 'NONE',  ( 5.000000000000004441, 71.00000000000000000, -195.0000000000000000 ) ) ;
#905 = VERTEX_POINT ( 'NONE', #656 ) ;
#906 = ORIENTED_EDGE ( 'NONE', *, *, #717, .F. ) ;
#907 = DIRECTION ( 'NONE',  ( 0.000000000000000000, 1.000000000000000000, 0.000000000000000000 ) ) ;
#908 = FILL_AREA_STYLE ('',( #11 ) ) ;
#909 = DIRECTION ( 'NONE',  ( -1.000000000000000000, 0.000000000000000000, -0.000000000000000000 ) ) ;
#910 = EDGE_CURVE ( 'NONE', #1072, #1450, #205, .T. ) ;
#911 = ADVANCED_FACE ( 'NONE', ( #1338, #902, #87, #1097, #441 ), #546, .T. ) ;
#912 = EDGE_LOOP ( 'NONE', ( #543, #1156, #811, #381 ) ) ;
#913 = DIRECTION ( 'NONE',  ( 1.000000000000000000, 0.000000000000000000, 0.000000000000000000 ) ) ;
#914 = EDGE_CURVE ( 'NONE', #1395, #160, #1006, .T. ) ;
#915 = FACE_OUTER_BOUND ( 'NONE', #619, .T. ) ;
#916 = FACE_BOUND ( 'NONE', #912, .T. ) ;
#917 = CARTESIAN_POINT ( 'NONE',  ( 219.9999999999999716, 15.00000000000000000, -120.0000000000000000 ) ) ;
#918 = ADVANCED_FACE ( 'NONE', ( #108 ), #321, .F. ) ;
#919 = DIRECTION ( 'NONE',  ( 0.000000000000000000, 0.000000000000000000, -1.000000000000000000 ) ) ;
#920 = ORIENTED_EDGE ( 'NONE', *, *, #434, .T. ) ;
#921 = DIRECTION ( 'NONE',  ( -2.055968564120660023E-16, 0.000000000000000000, -1.000000000000000000 ) ) ;
#922 = CIRCLE ( 'NONE', #295, 43.10000000000000142 ) ;
#923 = PLANE ( 'NONE',  #782 ) ;
#924 = ORIENTED_EDGE ( 'NONE', *, *, #851, .T. ) ;
#925 = DIRECTION ( 'NONE',  ( 0.000000000000000000, -0.000000000000000000, -1.000000000000000000 ) ) ;
#926 = VECTOR ( 'NONE', #618, 1000.000000000000000 ) ;
#927 = ORIENTED_EDGE ( 'NONE', *, *, #617, .T. ) ;
#928 = ORIENTED_EDGE ( 'NONE', *, *, #85, .T. ) ;
#929 = VERTEX_POINT ( 'NONE', #93 ) ;
#930 = LINE ( 'NONE', #1402, #1017 ) ;
#931 = ORIENTED_EDGE ( 'NONE', *, *, #940, .F. ) ;
#932 = FACE_OUTER_BOUND ( 'NONE', #660, .T. ) ;
#933 = EDGE_CURVE ( 'NONE', #164, #1427, #557, .T. ) ;
#934 = ADVANCED_FACE ( 'NONE', ( #789 ), #201, .F. ) ;
#935 = ORIENTED_EDGE ( 'NONE', *, *, #721, .T. ) ;
#936 = CARTESIAN_POINT ( 'NONE',  ( 219.9999999999999432, 15.00000000000000000, -255.0000000000000000 ) ) ;
#937 = CARTESIAN_POINT ( 'NONE',  ( 254.9999999999999432, 45.00000000000000000, -120.0000000000000000 ) ) ;
#938 = ORIENTED_EDGE ( 'NONE', *, *, #358, .T. ) ;
#939 = LINE ( 'NONE', #161, #369 ) ;
#940 = EDGE_CURVE ( 'NONE', #993, #630, #1113, .T. ) ;
#941 = VECTOR ( 'NONE', #1358, 1000.000000000000000 ) ;
#942 = VERTEX_POINT ( 'NONE', #425 ) ;
#943 = EDGE_LOOP ( 'NONE', ( #1367, #1290, #470, #597, #1168, #959 ) ) ;
#944 = CARTESIAN_POINT ( 'NONE',  ( 224.9999999999999716, 45.00000000000000000, -255.0000000000000000 ) ) ;
#945 = VECTOR ( 'NONE', #1303, 1000.000000000000000 ) ;
#946 = CARTESIAN_POINT ( 'NONE',  ( 149.9999999999999716, 45.00000000000000000, -243.1000000000000227 ) ) ;
#947 = ORIENTED_EDGE ( 'NONE', *, *, #1122, .F. ) ;
#948 = PLANE ( 'NONE',  #389 ) ;
#949 = VECTOR ( 'NONE', #88, 1000.000000000000000 ) ;
#950 = VECTOR ( 'NONE', #357, 1000.000000000000000 ) ;
#951 = VERTEX_POINT ( 'NONE', #565 ) ;
#952 = CARTESIAN_POINT ( 'NONE',  ( 9.999999999999923617, 15.00000000000000000, -262.3999999999999773 ) ) ;
#953 = VECTOR ( 'NONE', #724, 1000.000000000000000 ) ;
#954 = ORIENTED_EDGE ( 'NONE', *, *, #1437, .T. ) ;
#955 = LINE ( 'NONE', #1045, #769 ) ;
#956 = CARTESIAN_POINT ( 'NONE',  ( 269.9999999999999432, 15.00000000000000000, -268.0000000000000000 ) ) ;
#957 = ADVANCED_FACE ( 'NONE', ( #337 ), #3, .F. ) ;
#958 = LINE ( 'NONE', #292, #492 ) ;
#959 = ORIENTED_EDGE ( 'NONE', *, *, #1038, .T. ) ;
#960 = EDGE_CURVE ( 'NONE', #854, #76, #1089, .T. ) ;
#961 = ORIENTED_EDGE ( 'NONE', *, *, #5, .T. ) ;
#962 = DIRECTION ( 'NONE',  ( -1.000000000000000000, -0.000000000000000000, -0.000000000000000000 ) ) ;
#963 = VECTOR ( 'NONE', #765, 1000.000000000000000 ) ;
#964 = LINE ( 'NONE', #1047, #886 ) ;
#965 = EDGE_LOOP ( 'NONE', ( #719, #928, #1044, #305 ) ) ;
#966 = EDGE_LOOP ( 'NONE', ( #522, #947, #1100, #484 ) ) ;
#967 = LINE ( 'NONE', #316, #975 ) ;
#968 = ORIENTED_EDGE ( 'NONE', *, *, #126, .T. ) ;
#969 = CARTESIAN_POINT ( 'NONE',  ( 160.3222456700906662, 156.0000000000000000, -195.0000000000000000 ) ) ;
#970 = DIRECTION ( 'NONE',  ( -2.135044278125300850E-16, -0.000000000000000000, -1.000000000000000000 ) ) ;
#971 = DIRECTION ( 'NONE',  ( 1.000000000000000000, 0.000000000000000000, 0.000000000000000000 ) ) ;
#972 = ORIENTED_EDGE ( 'NONE', *, *, #176, .T. ) ;
#973 = ORIENTED_EDGE ( 'NONE', *, *, #1046, .T. ) ;
#974 = DIRECTION ( 'NONE',  ( -0.000000000000000000, -0.000000000000000000, -1.000000000000000000 ) ) ;
#975 = VECTOR ( 'NONE', #755, 1000.000000000000000 ) ;
#976 = AXIS2_PLACEMENT_3D ( 'NONE', #642, #1440, #1201 ) ;
#977 = EDGE_CURVE ( 'NONE', #1015, #160, #758, .T. ) ;
#978 = FACE_OUTER_BOUND ( 'NONE', #1339, .T. ) ;
#979 = EDGE_CURVE ( 'NONE', #743, #498, #1232, .T. ) ;
#980 = EDGE_LOOP ( 'NONE', ( #495, #1170, #147, #360 ) ) ;
#981 = CARTESIAN_POINT ( 'NONE',  ( 149.9999999999999716, 15.00000000000000000, -243.1000000000000227 ) ) ;
#982 = ORIENTED_EDGE ( 'NONE', *, *, #111, .F. ) ;
#983 = CARTESIAN_POINT ( 'NONE',  ( 234.9999999999999432, 45.00000000000000000, -255.0000000000000000 ) ) ;
#984 = DIRECTION ( 'NONE',  ( 2.312964634635742957E-16, 0.000000000000000000, 1.000000000000000000 ) ) ;
#985 = CARTESIAN_POINT ( 'NONE',  ( 239.9999999999999716, 15.00000000000000000, -255.0000000000000000 ) ) ;
#986 = FACE_OUTER_BOUND ( 'NONE', #1248, .T. ) ;
#987 = ORIENTED_EDGE ( 'NONE', *, *, #940, .T. ) ;
#988 = ORIENTED_EDGE ( 'NONE', *, *, #1219, .T. ) ;
#989 = CARTESIAN_POINT ( 'NONE',  ( 0.000000000000000000, 186.0000000000000000, 0.000000000000000000 ) ) ;
#990 = CARTESIAN_POINT ( 'NONE',  ( 142.3000000000000398, 105.0000000000000142, -353.0000000000000000 ) ) ;
#991 = DIRECTION ( 'NONE',  ( 0.000000000000000000, 1.000000000000000000, 0.000000000000000000 ) ) ;
#992 = AXIS2_PLACEMENT_3D ( 'NONE', #1318, #339, #558 ) ;
#993 = VERTEX_POINT ( 'NONE', #990 ) ;
#994 = AXIS2_PLACEMENT_3D ( 'NONE', #1329, #524, #633 ) ;
#995 = CARTESIAN_POINT ( 'NONE',  ( 159.9999999999999432, 186.0000000000000000, -140.0000000000000000 ) ) ;
#996 = VECTOR ( 'NONE', #971, 1000.000000000000000 ) ;
#997 = DIRECTION ( 'NONE',  ( 0.000000000000000000, 1.000000000000000000, 0.000000000000000000 ) ) ;
#998 = VECTOR ( 'NONE', #1353, 1000.000000000000000 ) ;
#999 = CARTESIAN_POINT ( 'NONE',  ( 0.000000000000000000, -0.000000000000000000, -65.00000000000000000 ) ) ;
#1000 = ADVANCED_FACE ( 'NONE', ( #766 ), #759, .F. ) ;
#1001 = ORIENTED_EDGE ( 'NONE', *, *, #1083, .F. ) ;
#1002 = DIRECTION ( 'NONE',  ( -0.000000000000000000, 1.000000000000000000, -0.000000000000000000 ) ) ;
#1003 = EDGE_CURVE ( 'NONE', #189, #370, #571, .T. ) ;
#1004 = CARTESIAN_POINT ( 'NONE',  ( 5.000000000000000000, 105.0000000000000142, -353.0000000000000000 ) ) ;
#1005 = LINE ( 'NONE', #1252, #303 ) ;
#1006 = LINE ( 'NONE', #890, #998 ) ;
#1007 = CARTESIAN_POINT ( 'NONE',  ( 270.0000000000000000, 15.00000000000000000, -8.000000000000007105 ) ) ;
#1008 = ORIENTED_EDGE ( 'NONE', *, *, #1169, .F. ) ;
#1009 = DIRECTION ( 'NONE',  ( 0.000000000000000000, -1.000000000000000000, 0.000000000000000000 ) ) ;
#1010 = VECTOR ( 'NONE', #490, 1000.000000000000000 ) ;
#1011 = DIRECTION ( 'NONE',  ( 0.000000000000000000, 0.000000000000000000, -1.000000000000000000 ) ) ;
#1012 = PLANE ( 'NONE',  #832 ) ;
#1013 = CARTESIAN_POINT ( 'NONE',  ( 160.0000000000000000, 11.29437251522846708, -20.00000000000000000 ) ) ;
#1014 = DIRECTION ( 'NONE',  ( -1.000000000000000000, 0.000000000000000000, 0.000000000000000000 ) ) ;
#1015 = VERTEX_POINT ( 'NONE', #1105 ) ;
#1016 = MANIFOLD_SOLID_BREP ( 'Cut-Extrude3', #194 ) ;
#1017 = VECTOR ( 'NONE', #852, 1000.000000000000000 ) ;
#1018 = CARTESIAN_POINT ( 'NONE',  ( 239.9999999999999716, 45.00000000000000000, -120.0000000000000000 ) ) ;
#1019 = DIRECTION ( 'NONE',  ( -0.000000000000000000, 1.000000000000000000, -0.000000000000000000 ) ) ;
#1020 = DIRECTION ( 'NONE',  ( 0.000000000000000000, 0.000000000000000000, 1.000000000000000000 ) ) ;
#1021 = EDGE_CURVE ( 'NONE', #687, #630, #624, .T. ) ;
#1022 = AXIS2_PLACEMENT_3D ( 'NONE', #1013, #1448, #648 ) ;
#1023 = LINE ( 'NONE', #1139, #531 ) ;
#1024 = VERTEX_POINT ( 'NONE', #101 ) ;
#1025 = EDGE_CURVE ( 'NONE', #78, #53, #261, .T. ) ;
#1026 = VERTEX_POINT ( 'NONE', #404 ) ;
#1027 = DIRECTION ( 'NONE',  ( -0.000000000000000000, -1.000000000000000000, -0.000000000000000000 ) ) ;
#1028 = CARTESIAN_POINT ( 'NONE',  ( 412.0000000000000000, 180.9999999999999432, -353.0000000000000000 ) ) ;
#1029 = FACE_OUTER_BOUND ( 'NONE', #965, .T. ) ;
#1030 = EDGE_LOOP ( 'NONE', ( #258, #885 ) ) ;
#1031 = CARTESIAN_POINT ( 'NONE',  ( 269.9999999999999432, 5.000000000000000000, -268.0000000000000000 ) ) ;
#1032 = DIRECTION ( 'NONE',  ( -0.000000000000000000, -1.000000000000000000, -0.000000000000000000 ) ) ;
#1033 = CARTESIAN_POINT ( 'NONE',  ( 219.9999999999999432, 15.00000000000000000, -255.0000000000000000 ) ) ;
#1034 = EDGE_LOOP ( 'NONE', ( #1403, #517, #529, #1205 ) ) ;
#1035 = CARTESIAN_POINT ( 'NONE',  ( -343.0359176866663802, 180.9999999999999432, -5.000000000000000000 ) ) ;
#1036 = ORIENTED_EDGE ( 'NONE', *, *, #203, .F. ) ;
#1037 = CARTESIAN_POINT ( 'NONE',  ( 39.99999999999992895, 186.0000000000000000, -140.0000000000000000 ) ) ;
#1038 = EDGE_CURVE ( 'NONE', #82, #268, #803, .T. ) ;
#1039 = AXIS2_PLACEMENT_3D ( 'NONE', #788, #684, #115 ) ;
#1040 = EDGE_LOOP ( 'NONE', ( #65, #390, #84, #133, #987, #373 ) ) ;
#1041 = DIRECTION ( 'NONE',  ( 0.000000000000000000, -0.000000000000000000, -1.000000000000000000 ) ) ;
#1042 = EDGE_CURVE ( 'NONE', #206, #609, #1246, .T. ) ;
#1043 = VECTOR ( 'NONE', #432, 1000.000000000000000 ) ;
#1044 = ORIENTED_EDGE ( 'NONE', *, *, #202, .F. ) ;
#1045 = CARTESIAN_POINT ( 'NONE',  ( 239.9999999999999716, 45.00000000000000000, -255.0000000000000000 ) ) ;
#1046 = EDGE_CURVE ( 'NONE', #90, #53, #1398, .T. ) ;
#1047 = CARTESIAN_POINT ( 'NONE',  ( 224.9999999999999716, 45.00000000000000000, -255.0000000000000000 ) ) ;
#1048 = VECTOR ( 'NONE', #9, 1000.000000000000000 ) ;
#1049 = ORIENTED_EDGE ( 'NONE', *, *, #1331, .T. ) ;
#1050 = PLANE ( 'NONE',  #171 ) ;
#1051 = AXIS2_PLACEMENT_3D ( 'NONE', #257, #469, #30 ) ;
#1052 = ORIENTED_EDGE ( 'NONE', *, *, #152, .T. ) ;
#1053 = APPLICATION_CONTEXT ( 'automotive_design' ) ;
#1054 = EDGE_LOOP ( 'NONE', ( #300, #591, #736, #91 ) ) ;
#1055 = DIRECTION ( 'NONE',  ( 0.000000000000000000, -0.000000000000000000, -1.000000000000000000 ) ) ;
#1056 = DIRECTION ( 'NONE',  ( 1.000000000000000000, -0.000000000000000000, 0.000000000000000000 ) ) ;
#1057 = ORIENTED_EDGE ( 'NONE', *, *, #1068, .F. ) ;
#1058 = ORIENTED_EDGE ( 'NONE', *, *, #176, .F. ) ;
#1059 = EDGE_CURVE ( 'NONE', #951, #905, #121, .T. ) ;
#1060 = EDGE_LOOP ( 'NONE', ( #1158, #599, #784, #310 ) ) ;
#1061 = ADVANCED_FACE ( 'NONE', ( #246, #129, #138 ), #923, .F. ) ;
#1062 = VECTOR ( 'NONE', #1259, 1000.000000000000000 ) ;
#1063 = LINE ( 'NONE', #514, #554 ) ;
#1064 = ORIENTED_EDGE ( 'NONE', *, *, #528, .T. ) ;
#1065 = VECTOR ( 'NONE', #451, 1000.000000000000000 ) ;
#1066 = EDGE_CURVE ( 'NONE', #993, #905, #20, .T. ) ;
#1067 = AXIS2_PLACEMENT_3D ( 'NONE', #43, #265, #155 ) ;
#1068 = EDGE_CURVE ( 'NONE', #1159, #296, #83, .T. ) ;
#1069 = VERTEX_POINT ( 'NONE', #869 ) ;
#1070 = LINE ( 'NONE', #841, #691 ) ;
#1071 = DIRECTION ( 'NONE',  ( -0.000000000000000000, -1.000000000000000000, -0.000000000000000000 ) ) ;
#1072 = VERTEX_POINT ( 'NONE', #981 ) ;
#1073 = ORIENTED_EDGE ( 'NONE', *, *, #1177, .F. ) ;
#1074 = CARTESIAN_POINT ( 'NONE',  ( 142.3000000000000114, 105.0000000000000142, -358.0000000000000000 ) ) ;
#1075 = CARTESIAN_POINT ( 'NONE',  ( 39.99999999999995737, 180.9999999999999432, -20.00000000000000000 ) ) ;
#1076 = DIRECTION ( 'NONE',  ( 0.000000000000000000, 0.000000000000000000, 1.000000000000000000 ) ) ;
#1077 = ORIENTED_EDGE ( 'NONE', *, *, #242, .F. ) ;
#1078 = VECTOR ( 'NONE', #391, 1000.000000000000000 ) ;
#1079 = VERTEX_POINT ( 'NONE', #1320 ) ;
#1080 = CARTESIAN_POINT ( 'NONE',  ( 0.000000000000000000, 71.00000000000000000, -0.000000000000000000 ) ) ;
#1081 = ORIENTED_EDGE ( 'NONE', *, *, #1325, .F. ) ;
#1082 = DIRECTION ( 'NONE',  ( -1.000000000000000000, -0.000000000000000000, -0.000000000000000000 ) ) ;
#1083 = EDGE_CURVE ( 'NONE', #575, #515, #967, .T. ) ;
#1084 = CARTESIAN_POINT ( 'NONE',  ( 234.9999999999999432, 15.00000000000000000, -255.0000000000000000 ) ) ;
#1085 = AXIS2_PLACEMENT_3D ( 'NONE', #896, #37, #1256 ) ;
#1086 = ORIENTED_EDGE ( 'NONE', *, *, #871, .T. ) ;
#1087 = AXIS2_PLACEMENT_3D ( 'NONE', #1245, #907, #237 ) ;
#1088 = FACE_BOUND ( 'NONE', #260, .T. ) ;
#1089 = LINE ( 'NONE', #1225, #1328 ) ;
#1090 = DIRECTION ( 'NONE',  ( 1.000000000000000000, 0.000000000000000000, 0.000000000000000000 ) ) ;
#1091 = FACE_OUTER_BOUND ( 'NONE', #1385, .T. ) ;
#1092 = ORIENTED_EDGE ( 'NONE', *, *, #224, .F. ) ;
#1093 = VECTOR ( 'NONE', #151, 1000.000000000000000 ) ;
#1094 = VECTOR ( 'NONE', #1361, 1000.000000000000000 ) ;
#1095 = ORIENTED_EDGE ( 'NONE', *, *, #437, .T. ) ;
#1096 = FACE_BOUND ( 'NONE', #1054, .T. ) ;
#1097 = FACE_BOUND ( 'NONE', #482, .T. ) ;
#1098 = CARTESIAN_POINT ( 'NONE',  ( 0.000000000000000000, 0.000000000000000000, 0.000000000000000000 ) ) ;
#1099 = LINE ( 'NONE', #309, #582 ) ;
#1100 = ORIENTED_EDGE ( 'NONE', *, *, #85, .F. ) ;
#1101 = CARTESIAN_POINT ( 'NONE',  ( 219.9999999999999432, 45.00000000000000000, -255.0000000000000000 ) ) ;
#1102 = CARTESIAN_POINT ( 'NONE',  ( 5.000000000000000000, 5.000000000000000000, -5.000000000000000000 ) ) ;
#1103 = CARTESIAN_POINT ( 'NONE',  ( 0.000000000000000000, 71.00000000000000000, -195.0000000000000000 ) ) ;
#1104 = DIRECTION ( 'NONE',  ( 0.000000000000000000, 0.000000000000000000, 1.000000000000000000 ) ) ;
#1105 = CARTESIAN_POINT ( 'NONE',  ( 149.9999999999999716, 180.9999999999999432, -243.1000000000000227 ) ) ;
#1106 = EDGE_CURVE ( 'NONE', #1024, #206, #1213, .T. ) ;
#1107 = LINE ( 'NONE', #526, #996 ) ;
#1108 = EDGE_CURVE ( 'NONE', #891, #473, #1412, .T. ) ;
#1109 = ORIENTED_EDGE ( 'NONE', *, *, #1151, .F. ) ;
#1110 = CARTESIAN_POINT ( 'NONE',  ( 0.000000000000000000, 5.000000000000000000, 0.000000000000000000 ) ) ;
#1111 = FACE_OUTER_BOUND ( 'NONE', #14, .T. ) ;
#1112 = VECTOR ( 'NONE', #1308, 1000.000000000000000 ) ;
#1113 = LINE ( 'NONE', #1441, #1255 ) ;
#1114 = DIRECTION ( 'NONE',  ( -0.000000000000000000, -1.000000000000000000, -0.000000000000000000 ) ) ;
#1115 = ORIENTED_EDGE ( 'NONE', *, *, #267, .F. ) ;
#1116 = CARTESIAN_POINT ( 'NONE',  ( 142.3000000000000114, 5.000000000000000000, -358.0000000000000000 ) ) ;
#1117 = LINE ( 'NONE', #356, #1206 ) ;
#1118 = DIRECTION ( 'NONE',  ( -1.000000000000000000, 0.000000000000000000, 0.000000000000000000 ) ) ;
#1119 = DIRECTION ( 'NONE',  ( 0.000000000000000000, 0.000000000000000000, -1.000000000000000000 ) ) ;
#1120 = ORIENTED_EDGE ( 'NONE', *, *, #491, .F. ) ;
#1121 = CARTESIAN_POINT ( 'NONE',  ( 219.9999999999999716, 45.00000000000000000, -120.0000000000000000 ) ) ;
#1122 = EDGE_CURVE ( 'NONE', #32, #1427, #409, .T. ) ;
#1123 = CARTESIAN_POINT ( 'NONE',  ( 234.9999999999999716, 45.00000000000000000, -120.0000000000000000 ) ) ;
#1124 = DIRECTION ( 'NONE',  ( -0.000000000000000000, -0.000000000000000000, -1.000000000000000000 ) ) ;
#1125 = CARTESIAN_POINT ( 'NONE',  ( 5.000000000000000000, 186.0000000000000000, -5.000000000000000000 ) ) ;
#1126 = LINE ( 'NONE', #1033, #532 ) ;
#1127 = ADVANCED_FACE ( 'NONE', ( #1185 ), #183, .T. ) ;
#1128 = PRODUCT_DEFINITION_CONTEXT ( 'detailed design', #1202, 'design' ) ;
#1129 = PLANE ( 'NONE',  #1051 ) ;
#1130 = ORIENTED_EDGE ( 'NONE', *, *, #1214, .T. ) ;
#1131 = CARTESIAN_POINT ( 'NONE',  ( 5.000000000000004441, 180.9999999999999432, -5.000000000000000000 ) ) ;
#1132 = CARTESIAN_POINT ( 'NONE',  ( 219.9999999999999432, 45.00000000000000000, -255.0000000000000000 ) ) ;
#1133 = DIRECTION ( 'NONE',  ( 0.000000000000000000, 0.000000000000000000, 1.000000000000000000 ) ) ;
#1134 = VECTOR ( 'NONE', #97, 1000.000000000000000 ) ;
#1135 = CARTESIAN_POINT ( 'NONE',  ( 149.9999999999999716, 307.9052090765607659, -200.0000000000000000 ) ) ;
#1136 = AXIS2_PLACEMENT_3D ( 'NONE', #479, #1165, #1041 ) ;
#1137 = ORIENTED_EDGE ( 'NONE', *, *, #594, .F. ) ;
#1138 = CARTESIAN_POINT ( 'NONE',  ( 234.9999999999999716, 15.00000000000000000, -120.0000000000000000 ) ) ;
#1139 = CARTESIAN_POINT ( 'NONE',  ( 160.0000000000000000, 186.0000000000000000, -20.00000000000000000 ) ) ;
#1140 = ORIENTED_EDGE ( 'NONE', *, *, #612, .T. ) ;
#1141 = DIRECTION ( 'NONE',  ( 0.000000000000000000, 0.000000000000000000, 1.000000000000000000 ) ) ;
#1142 = ORIENTED_EDGE ( 'NONE', *, *, #1108, .T. ) ;
#1143 = VECTOR ( 'NONE', #655, 1000.000000000000000 ) ;
#1144 = VERTEX_POINT ( 'NONE', #77 ) ;
#1145 = CARTESIAN_POINT ( 'NONE',  ( 0.000000000000000000, 105.0000000000000142, 0.000000000000000000 ) ) ;
#1146 = EDGE_CURVE ( 'NONE', #375, #1427, #846, .T. ) ;
#1147 = CARTESIAN_POINT ( 'NONE',  ( 142.3000000000000114, 15.00000000000000000, -268.0000000000000000 ) ) ;
#1148 = ORIENTED_EDGE ( 'NONE', *, *, #29, .T. ) ;
#1149 = DIRECTION ( 'NONE',  ( 0.000000000000000000, -0.000000000000000000, 1.000000000000000000 ) ) ;
#1150 = DIRECTION ( 'NONE',  ( 1.000000000000000000, -0.000000000000000000, -0.000000000000000000 ) ) ;
#1151 = EDGE_CURVE ( 'NONE', #1390, #993, #297, .T. ) ;
#1152 = EDGE_LOOP ( 'NONE', ( #961, #450, #927, #325 ) ) ;
#1153 = VECTOR ( 'NONE', #1019, 1000.000000000000000 ) ;
#1154 = CARTESIAN_POINT ( 'NONE',  ( 234.9999999999999716, 45.00000000000000000, -120.0000000000000000 ) ) ;
#1155 = AXIS2_PLACEMENT_3D ( 'NONE', #379, #816, #610 ) ;
#1156 = ORIENTED_EDGE ( 'NONE', *, *, #486, .F. ) ;
#1157 = CARTESIAN_POINT ( 'NONE',  ( 0.000000000000000000, 0.000000000000000000, -358.0000000000000000 ) ) ;
#1158 = ORIENTED_EDGE ( 'NONE', *, *, #1068, .T. ) ;
#1159 = VERTEX_POINT ( 'NONE', #1243 ) ;
#1160 = LINE ( 'NONE', #614, #1162 ) ;
#1161 = PRODUCT_DEFINITION ( 'UNKNOWN', '', #1250, #1128 ) ;
#1162 = VECTOR ( 'NONE', #1387, 1000.000000000000000 ) ;
#1163 = DIRECTION ( 'NONE',  ( -1.000000000000000000, -0.000000000000000000, -0.000000000000000000 ) ) ;
#1164 = ORIENTED_EDGE ( 'NONE', *, *, #267, .T. ) ;
#1165 = DIRECTION ( 'NONE',  ( 0.000000000000000000, -1.000000000000000000, 0.000000000000000000 ) ) ;
#1166 = VECTOR ( 'NONE', #1173, 1000.000000000000000 ) ;
#1167 = EDGE_CURVE ( 'NONE', #763, #47, #353, .T. ) ;
#1168 = ORIENTED_EDGE ( 'NONE', *, *, #491, .T. ) ;
#1169 = EDGE_CURVE ( 'NONE', #604, #1026, #7, .T. ) ;
#1170 = ORIENTED_EDGE ( 'NONE', *, *, #1066, .T. ) ;
#1171 = DIRECTION ( 'NONE',  ( -1.000000000000000000, 0.000000000000000000, 0.000000000000000000 ) ) ;
#1172 = EDGE_CURVE ( 'NONE', #124, #1450, #218, .T. ) ;
#1173 = DIRECTION ( 'NONE',  ( -1.000000000000000000, -0.000000000000000000, -0.000000000000000000 ) ) ;
#1174 = CIRCLE ( 'NONE', #1294, 43.10000000000000142 ) ;
#1175 = VERTEX_POINT ( 'NONE', #445 ) ;
#1176 = LINE ( 'NONE', #259, #59 ) ;
#1177 = EDGE_CURVE ( 'NONE', #1395, #868, #433, .T. ) ;
#1178 = ORIENTED_EDGE ( 'NONE', *, *, #202, .T. ) ;
#1179 = FACE_OUTER_BOUND ( 'NONE', #277, .T. ) ;
#1180 = FACE_OUTER_BOUND ( 'NONE', #1040, .T. ) ;
#1181 = CARTESIAN_POINT ( 'NONE',  ( 5.000000000000000000, 156.0000000000000000, -195.0000000000000000 ) ) ;
#1182 = EDGE_LOOP ( 'NONE', ( #1439, #38, #822, #1334, #808, #51 ) ) ;
#1183 = VECTOR ( 'NONE', #913, 1000.000000000000000 ) ;
#1184 = EDGE_LOOP ( 'NONE', ( #1411, #42, #6, #1377 ) ) ;
#1185 = FACE_OUTER_BOUND ( 'NONE', #1423, .T. ) ;
#1186 = CARTESIAN_POINT ( 'NONE',  ( 142.3000000000000114, 105.0000000000000142, -262.3999999999999773 ) ) ;
#1187 = LINE ( 'NONE', #1416, #696 ) ;
#1188 = DIRECTION ( 'NONE',  ( -1.000000000000000000, 0.000000000000000000, 0.000000000000000000 ) ) ;
#1189 = CARTESIAN_POINT ( 'NONE',  ( 9.999999999999921840, 15.00000000000000000, -268.0000000000000000 ) ) ;
#1190 = VERTEX_POINT ( 'NONE', #15 ) ;
#1191 = ORIENTED_EDGE ( 'NONE', *, *, #960, .F. ) ;
#1192 = EDGE_CURVE ( 'NONE', #942, #575, #775, .T. ) ;
#1193 = EDGE_LOOP ( 'NONE', ( #879, #1307, #1064, #666 ) ) ;
#1194 = PLANE ( 'NONE',  #824 ) ;
#1195 = DIRECTION ( 'NONE',  ( 0.000000000000000000, -0.000000000000000000, -1.000000000000000000 ) ) ;
#1196 = DIRECTION ( 'NONE',  ( -0.000000000000000000, 1.000000000000000000, 0.000000000000000000 ) ) ;
#1197 = EDGE_CURVE ( 'NONE', #196, #408, #675, .T. ) ;
#1198 = CARTESIAN_POINT ( 'NONE',  ( 254.9999999999999432, 45.00000000000000000, -255.0000000000000000 ) ) ;
#1199 = VERTEX_POINT ( 'NONE', #785 ) ;
#1200 = ORIENTED_EDGE ( 'NONE', *, *, #717, .T. ) ;
#1201 = DIRECTION ( 'NONE',  ( 1.000000000000000000, 0.000000000000000000, 0.000000000000000000 ) ) ;
#1202 = APPLICATION_CONTEXT ( 'automotive_design' ) ;
#1203 = VECTOR ( 'NONE', #187, 1000.000000000000000 ) ;
#1204 = DIRECTION ( 'NONE',  ( 0.000000000000000000, -1.000000000000000000, 0.000000000000000000 ) ) ;
#1205 = ORIENTED_EDGE ( 'NONE', *, *, #358, .F. ) ;
#1206 = VECTOR ( 'NONE', #1124, 1000.000000000000000 ) ;
#1207 = PLANE ( 'NONE',  #1254 ) ;
#1208 = LINE ( 'NONE', #670, #647 ) ;
#1209 =( NAMED_UNIT ( * ) PLANE_ANGLE_UNIT ( ) SI_UNIT ( $, .RADIAN. ) );
#1210 = PLANE ( 'NONE',  #298 ) ;
#1211 = VECTOR ( 'NONE', #304, 1000.000000000000000 ) ;
#1212 = ORIENTED_EDGE ( 'NONE', *, *, #573, .F. ) ;
#1213 = LINE ( 'NONE', #212, #368 ) ;
#1214 = EDGE_CURVE ( 'NONE', #1024, #1428, #471, .T. ) ;
#1215 = EDGE_CURVE ( 'NONE', #868, #1395, #559, .T. ) ;
#1216 = DIRECTION ( 'NONE',  ( 0.000000000000000000, 0.000000000000000000, 1.000000000000000000 ) ) ;
#1217 = DIRECTION ( 'NONE',  ( -0.000000000000000000, -1.000000000000000000, 0.000000000000000000 ) ) ;
#1218 = DIRECTION ( 'NONE',  ( 2.055968564120660023E-16, 0.000000000000000000, 1.000000000000000000 ) ) ;
#1219 = EDGE_CURVE ( 'NONE', #102, #1026, #576, .T. ) ;
#1220 = AXIS2_PLACEMENT_3D ( 'NONE', #1429, #429, #185 ) ;
#1221 = ORIENTED_EDGE ( 'NONE', *, *, #704, .T. ) ;
#1222 = DIRECTION ( 'NONE',  ( 1.000000000000000000, 0.000000000000000000, -2.055968564120660023E-16 ) ) ;
#1223 = CARTESIAN_POINT ( 'NONE',  ( 0.000000000000000000, 186.0000000000000000, 0.000000000000000000 ) ) ;
#1224 = LINE ( 'NONE', #19, #388 ) ;
#1225 = CARTESIAN_POINT ( 'NONE',  ( 234.9999999999999716, 15.00000000000000000, -120.0000000000000000 ) ) ;
#1226 = CARTESIAN_POINT ( 'NONE',  ( 269.9999999999999432, 15.00000000000000000, -268.0000000000000000 ) ) ;
#1227 = VECTOR ( 'NONE', #1163, 1000.000000000000000 ) ;
#1228 = ORIENTED_EDGE ( 'NONE', *, *, #437, .F. ) ;
#1229 = PLANE ( 'NONE',  #12 ) ;
#1230 = CARTESIAN_POINT ( 'NONE',  ( 224.9999999999999716, 45.00000000000000000, -255.0000000000000000 ) ) ;
#1231 = AXIS2_PLACEMENT_3D ( 'NONE', #1132, #1337, #1352 ) ;
#1232 = LINE ( 'NONE', #873, #1421 ) ;
#1233 = PLANE ( 'NONE',  #1085 ) ;
#1234 = VECTOR ( 'NONE', #629, 1000.000000000000000 ) ;
#1235 = ADVANCED_FACE ( 'NONE', ( #366 ), #948, .F. ) ;
#1236 = ORIENTED_EDGE ( 'NONE', *, *, #960, .T. ) ;
#1237 = DIRECTION ( 'NONE',  ( -1.000000000000000000, 0.000000000000000000, -0.000000000000000000 ) ) ;
#1238 = FACE_OUTER_BOUND ( 'NONE', #272, .T. ) ;
#1239 = ADVANCED_FACE ( 'NONE', ( #1384 ), #1272, .F. ) ;
#1240 = DIRECTION ( 'NONE',  ( 0.000000000000000000, 0.000000000000000000, -1.000000000000000000 ) ) ;
#1241 = LINE ( 'NONE', #122, #1386 ) ;
#1242 = VERTEX_POINT ( 'NONE', #1157 ) ;
#1243 = CARTESIAN_POINT ( 'NONE',  ( 254.9999999999999432, 15.00000000000000000, -255.0000000000000000 ) ) ;
#1244 = LINE ( 'NONE', #244, #1048 ) ;
#1245 = CARTESIAN_POINT ( 'NONE',  ( 149.9999999999999716, 45.00000000000000000, -200.0000000000000000 ) ) ;
#1246 = LINE ( 'NONE', #917, #323 ) ;
#1247 = CARTESIAN_POINT ( 'NONE',  ( 5.000000000000004441, 0.000000000000000000, -65.00000000000000000 ) ) ;
#1248 = EDGE_LOOP ( 'NONE', ( #787, #1221 ) ) ;
#1249 = VECTOR ( 'NONE', #860, 1000.000000000000000 ) ;
#1250 = PRODUCT_DEFINITION_FORMATION_WITH_SPECIFIED_SOURCE ( 'ANY', '', #210, .NOT_KNOWN. ) ;
#1251 = CARTESIAN_POINT ( 'NONE',  ( 9.999999999999923617, 5.000000000000000000, -262.3999999999999773 ) ) ;
#1252 = CARTESIAN_POINT ( 'NONE',  ( 239.9999999999999716, 45.00000000000000000, -255.0000000000000000 ) ) ;
#1253 = CARTESIAN_POINT ( 'NONE',  ( 5.000000000000000000, 5.000000000000000000, -353.0000000000000000 ) ) ;
#1254 = AXIS2_PLACEMENT_3D ( 'NONE', #740, #663, #86 ) ;
#1255 = VECTOR ( 'NONE', #1330, 1000.000000000000000 ) ;
#1256 = DIRECTION ( 'NONE',  ( 0.000000000000000000, -0.000000000000000000, 1.000000000000000000 ) ) ;
#1257 = CARTESIAN_POINT ( 'NONE',  ( 149.9999999999999716, 45.00000000000000000, -156.9000000000000057 ) ) ;
#1258 = ORIENTED_EDGE ( 'NONE', *, *, #1106, .T. ) ;
#1259 = DIRECTION ( 'NONE',  ( -0.000000000000000000, -1.000000000000000000, -0.000000000000000000 ) ) ;
#1260 = ORIENTED_EDGE ( 'NONE', *, *, #335, .T. ) ;
#1261 = ADVANCED_FACE ( 'NONE', ( #932 ), #622, .F. ) ;
#1262 = DIRECTION ( 'NONE',  ( 1.000000000000000000, 0.000000000000000000, 0.000000000000000000 ) ) ;
#1263 = EDGE_CURVE ( 'NONE', #196, #929, #148, .T. ) ;
#1264 = VERTEX_POINT ( 'NONE', #1396 ) ;
#1265 = FACE_OUTER_BOUND ( 'NONE', #410, .T. ) ;
#1266 = ORIENTED_EDGE ( 'NONE', *, *, #66, .T. ) ;
#1267 = FACE_OUTER_BOUND ( 'NONE', #836, .T. ) ;
#1268 = VERTEX_POINT ( 'NONE', #1378 ) ;
#1269 = ORIENTED_EDGE ( 'NONE', *, *, #68, .F. ) ;
#1270 = FACE_OUTER_BOUND ( 'NONE', #1281, .T. ) ;
#1271 = ORIENTED_EDGE ( 'NONE', *, *, #1042, .T. ) ;
#1272 = PLANE ( 'NONE',  #1136 ) ;
#1273 = VECTOR ( 'NONE', #18, 1000.000000000000000 ) ;
#1274 = ORIENTED_EDGE ( 'NONE', *, *, #1146, .T. ) ;
#1275 = ORIENTED_EDGE ( 'NONE', *, *, #596, .T. ) ;
#1276 = LINE ( 'NONE', #269, #700 ) ;
#1277 = AXIS2_PLACEMENT_3D ( 'NONE', #680, #1014, #581 ) ;
#1278 = VECTOR ( 'NONE', #169, 1000.000000000000000 ) ;
#1279 = FACE_BOUND ( 'NONE', #966, .T. ) ;
#1280 = AXIS2_PLACEMENT_3D ( 'NONE', #865, #535, #859 ) ;
#1281 = EDGE_LOOP ( 'NONE', ( #387, #416, #818, #653 ) ) ;
#1282 = ADVANCED_FACE ( 'NONE', ( #1267 ), #1050, .F. ) ;
#1283 = EDGE_LOOP ( 'NONE', ( #791, #1274, #1326, #1436 ) ) ;
#1284 = LINE ( 'NONE', #384, #468 ) ;
#1285 = ADVANCED_FACE ( 'NONE', ( #273 ), #499, .T. ) ;
#1286 = DIRECTION ( 'NONE',  ( 0.000000000000000000, 0.000000000000000000, -1.000000000000000000 ) ) ;
#1287 = VECTOR ( 'NONE', #590, 1000.000000000000000 ) ;
#1288 = ORIENTED_EDGE ( 'NONE', *, *, #525, .F. ) ;
#1289 = CARTESIAN_POINT ( 'NONE',  ( 224.9999999999999716, 45.00000000000000000, -120.0000000000000000 ) ) ;
#1290 = ORIENTED_EDGE ( 'NONE', *, *, #697, .F. ) ;
#1291 =( NAMED_UNIT ( * ) SI_UNIT ( $, .STERADIAN. ) SOLID_ANGLE_UNIT ( ) );
#1292 = ORIENTED_EDGE ( 'NONE', *, *, #1413, .F. ) ;
#1293 = CARTESIAN_POINT ( 'NONE',  ( 149.9999999999999716, 45.00000000000000000, -243.1000000000000227 ) ) ;
#1294 = AXIS2_PLACEMENT_3D ( 'NONE', #747, #997, #1104 ) ;
#1295 = DIRECTION ( 'NONE',  ( 0.000000000000000000, -1.000000000000000000, 0.000000000000000000 ) ) ;
#1296 = CARTESIAN_POINT ( 'NONE',  ( 224.9999999999999716, 15.00000000000000000, -255.0000000000000000 ) ) ;
#1297 = ORIENTED_EDGE ( 'NONE', *, *, #136, .T. ) ;
#1298 = VECTOR ( 'NONE', #1316, 1000.000000000000000 ) ;
#1299 = ORIENTED_EDGE ( 'NONE', *, *, #553, .T. ) ;
#1300 = CARTESIAN_POINT ( 'NONE',  ( 160.3222456700906662, 71.00000000000000000, -65.00000000000000000 ) ) ;
#1301 = CARTESIAN_POINT ( 'NONE',  ( 39.99999999999995737, 180.9999999999999432, -20.00000000000000000 ) ) ;
#1302 = CARTESIAN_POINT ( 'NONE',  ( 160.3222456700906662, 156.0000000000000000, 0.000000000000000000 ) ) ;
#1303 = DIRECTION ( 'NONE',  ( -2.135044278125300850E-16, -0.000000000000000000, -1.000000000000000000 ) ) ;
#1304 = ORIENTED_EDGE ( 'NONE', *, *, #35, .F. ) ;
#1305 = VECTOR ( 'NONE', #640, 1000.000000000000000 ) ;
#1306 = EDGE_CURVE ( 'NONE', #236, #1379, #939, .T. ) ;
#1307 = ORIENTED_EDGE ( 'NONE', *, *, #274, .T. ) ;
#1308 = DIRECTION ( 'NONE',  ( -1.000000000000000000, -0.000000000000000000, -0.000000000000000000 ) ) ;
#1309 = EDGE_CURVE ( 'NONE', #1428, #609, #395, .T. ) ;
#1310 = ORIENTED_EDGE ( 'NONE', *, *, #126, .F. ) ;
#1311 = LINE ( 'NONE', #539, #1298 ) ;
#1312 = LINE ( 'NONE', #1425, #364 ) ;
#1313 = EDGE_LOOP ( 'NONE', ( #1140, #616, #829, #550 ) ) ;
#1314 = EDGE_LOOP ( 'NONE', ( #1299, #240, #141, #972 ) ) ;
#1315 = ORIENTED_EDGE ( 'NONE', *, *, #243, .T. ) ;
#1316 = DIRECTION ( 'NONE',  ( -0.000000000000000000, -1.000000000000000000, -0.000000000000000000 ) ) ;
#1317 = CARTESIAN_POINT ( 'NONE',  ( 142.3000000000000114, 15.00000000000000000, -268.0000000000000000 ) ) ;
#1318 = CARTESIAN_POINT ( 'NONE',  ( 149.9999999999999716, 45.00000000000000000, -200.0000000000000000 ) ) ;
#1319 = ORIENTED_EDGE ( 'NONE', *, *, #704, .F. ) ;
#1320 = CARTESIAN_POINT ( 'NONE',  ( 412.0000000000000000, 5.000000000000000000, -5.000000000000000000 ) ) ;
#1321 = LINE ( 'NONE', #969, #1433 ) ;
#1322 = DIRECTION ( 'NONE',  ( 0.000000000000000000, -0.000000000000000000, 1.000000000000000000 ) ) ;
#1323 = DIRECTION ( 'NONE',  ( -2.312964634635742957E-16, 0.000000000000000000, -1.000000000000000000 ) ) ;
#1324 = AXIS2_PLACEMENT_3D ( 'NONE', #944, #1171, #518 ) ;
#1325 = EDGE_CURVE ( 'NONE', #1443, #567, #1176, .T. ) ;
#1326 = ORIENTED_EDGE ( 'NONE', *, *, #933, .F. ) ;
#1327 = ADVANCED_FACE ( 'NONE', ( #605 ), #168, .F. ) ;
#1328 = VECTOR ( 'NONE', #895, 1000.000000000000000 ) ;
#1329 = CARTESIAN_POINT ( 'NONE',  ( 9.999999999999921840, 15.00000000000000000, -268.0000000000000000 ) ) ;
#1330 = DIRECTION ( 'NONE',  ( 0.000000000000000000, -1.000000000000000000, 0.000000000000000000 ) ) ;
#1331 = EDGE_CURVE ( 'NONE', #508, #1079, #1368, .T. ) ;
#1332 = EDGE_CURVE ( 'NONE', #408, #375, #598, .T. ) ;
#1333 = CARTESIAN_POINT ( 'NONE',  ( 249.9999999999999147, 15.00000000000000000, -255.0000000000000000 ) ) ;
#1334 = ORIENTED_EDGE ( 'NONE', *, *, #979, .T. ) ;
#1335 = FACE_OUTER_BOUND ( 'NONE', #1314, .T. ) ;
#1336 = DIRECTION ( 'NONE',  ( 0.000000000000000000, -0.000000000000000000, 1.000000000000000000 ) ) ;
#1337 = DIRECTION ( 'NONE',  ( 0.000000000000000000, 0.000000000000000000, 1.000000000000000000 ) ) ;
#1338 = FACE_BOUND ( 'NONE', #1030, .T. ) ;
#1339 = EDGE_LOOP ( 'NONE', ( #744, #845, #1092, #1086 ) ) ;
#1340 = CARTESIAN_POINT ( 'NONE',  ( 159.9999999999999432, 11.29437251522846708, -140.0000000000000000 ) ) ;
#1341 = DIRECTION ( 'NONE',  ( -1.000000000000000000, 0.000000000000000000, -0.000000000000000000 ) ) ;
#1342 = FACE_OUTER_BOUND ( 'NONE', #601, .T. ) ;
#1343 = CARTESIAN_POINT ( 'NONE',  ( 149.9999999999999716, 180.9999999999999432, -200.0000000000000000 ) ) ;
#1344 = CARTESIAN_POINT ( 'NONE',  ( 149.9999999999999716, 45.00000000000000000, -200.0000000000000000 ) ) ;
#1345 = LINE ( 'NONE', #371, #1078 ) ;
#1346 = EDGE_LOOP ( 'NONE', ( #340, #1422, #626, #67 ) ) ;
#1347 = DIRECTION ( 'NONE',  ( 0.000000000000000000, 1.000000000000000000, -0.000000000000000000 ) ) ;
#1348 = ADVANCED_FACE ( 'NONE', ( #1179 ), #71, .T. ) ;
#1349 = AXIS2_PLACEMENT_3D ( 'NONE', #190, #632, #417 ) ;
#1350 = CARTESIAN_POINT ( 'NONE',  ( 9.999999999999921840, 5.000000000000000000, -268.0000000000000000 ) ) ;
#1351 = VECTOR ( 'NONE', #1119, 1000.000000000000000 ) ;
#1352 = DIRECTION ( 'NONE',  ( 1.000000000000000000, 0.000000000000000000, -0.000000000000000000 ) ) ;
#1353 = DIRECTION ( 'NONE',  ( 0.000000000000000000, -1.000000000000000000, 0.000000000000000000 ) ) ;
#1354 = CARTESIAN_POINT ( 'NONE',  ( 5.000000000000000000, 186.0000000000000000, -5.000000000000000000 ) ) ;
#1355 = ORIENTED_EDGE ( 'NONE', *, *, #130, .F. ) ;
#1356 = DIRECTION ( 'NONE',  ( 0.000000000000000000, 1.000000000000000000, -0.000000000000000000 ) ) ;
#1357 = CARTESIAN_POINT ( 'NONE',  ( 39.99999999999992895, 180.9999999999999432, -140.0000000000000000 ) ) ;
#1358 = DIRECTION ( 'NONE',  ( 4.625929269271485914E-16, 0.000000000000000000, 1.000000000000000000 ) ) ;
#1359 = AXIS2_PLACEMENT_3D ( 'NONE', #1110, #106, #1341 ) ;
#1360 = DIRECTION ( 'NONE',  ( -4.625929269271485914E-16, 0.000000000000000000, -1.000000000000000000 ) ) ;
#1361 = DIRECTION ( 'NONE',  ( 1.000000000000000000, 0.000000000000000000, 0.000000000000000000 ) ) ;
#1362 = ORIENTED_EDGE ( 'NONE', *, *, #274, .F. ) ;
#1363 = LINE ( 'NONE', #1035, #810 ) ;
#1364 = LINE ( 'NONE', #1018, #1273 ) ;
#1365 = LINE ( 'NONE', #592, #178 ) ;
#1366 = CARTESIAN_POINT ( 'NONE',  ( 249.9999999999999147, 45.00000000000000000, -255.0000000000000000 ) ) ;
#1367 = ORIENTED_EDGE ( 'NONE', *, *, #1410, .F. ) ;
#1368 = LINE ( 'NONE', #809, #1062 ) ;
#1369 = EDGE_CURVE ( 'NONE', #1175, #749, #628, .T. ) ;
#1370 = EDGE_CURVE ( 'NONE', #182, #1268, #1187, .T. ) ;
#1371 = DIRECTION ( 'NONE',  ( 0.000000000000000000, 1.000000000000000000, -0.000000000000000000 ) ) ;
#1372 = AXIS2_PLACEMENT_3D ( 'NONE', #1343, #1217, #779 ) ;
#1373 = ORIENTED_EDGE ( 'NONE', *, *, #243, .F. ) ;
#1374 = CYLINDRICAL_SURFACE ( 'NONE', #831, 43.10000000000000142 ) ;
#1375 = ADVANCED_FACE ( 'NONE', ( #858 ), #1449, .T. ) ;
#1376 = CIRCLE ( 'NONE', #104, 43.10000000000000142 ) ;
#1377 = ORIENTED_EDGE ( 'NONE', *, *, #756, .F. ) ;
#1378 = CARTESIAN_POINT ( 'NONE',  ( 39.99999999999992895, 186.0000000000000000, -140.0000000000000000 ) ) ;
#1379 = VERTEX_POINT ( 'NONE', #711 ) ;
#1380 = ORIENTED_EDGE ( 'NONE', *, *, #332, .T. ) ;
#1381 = CARTESIAN_POINT ( 'NONE',  ( 417.0000000000000000, 0.000000000000000000, -358.0000000000000000 ) ) ;
#1382 = PLANE ( 'NONE',  #318 ) ;
#1383 = EDGE_LOOP ( 'NONE', ( #1178, #199, #613, #262 ) ) ;
#1384 = FACE_OUTER_BOUND ( 'NONE', #861, .T. ) ;
#1385 = EDGE_LOOP ( 'NONE', ( #1212, #562, #726, #731 ) ) ;
#1386 = VECTOR ( 'NONE', #572, 1000.000000000000000 ) ;
#1387 = DIRECTION ( 'NONE',  ( -0.000000000000000000, -0.000000000000000000, 1.000000000000000000 ) ) ;
#1388 = EDGE_CURVE ( 'NONE', #370, #157, #16, .T. ) ;
#1389 = LINE ( 'NONE', #1154, #250 ) ;
#1390 = VERTEX_POINT ( 'NONE', #812 ) ;
#1391 = DIRECTION ( 'NONE',  ( 1.000000000000000000, 0.000000000000000000, -0.000000000000000000 ) ) ;
#1392 = EDGE_CURVE ( 'NONE', #78, #508, #1363, .T. ) ;
#1393 = ORIENTED_EDGE ( 'NONE', *, *, #1369, .T. ) ;
#1394 = LINE ( 'NONE', #58, #232 ) ;
#1395 = VERTEX_POINT ( 'NONE', #463 ) ;
#1396 = CARTESIAN_POINT ( 'NONE',  ( 239.9999999999999716, 45.00000000000000000, -120.0000000000000000 ) ) ;
#1397 = EDGE_LOOP ( 'NONE', ( #315, #1228, #1288, #1297 ) ) ;
#1398 = LINE ( 'NONE', #1253, #413 ) ;
#1399 = EDGE_LOOP ( 'NONE', ( #427, #924, #988, #1008 ) ) ;
#1400 = CARTESIAN_POINT ( 'NONE',  ( 417.0000000000000000, 186.0000000000000000, -358.0000000000000000 ) ) ;
#1401 =( NAMED_UNIT ( * ) SI_UNIT ( $, .STERADIAN. ) SOLID_ANGLE_UNIT ( ) );
#1402 = CARTESIAN_POINT ( 'NONE',  ( 249.9999999999999432, 15.00000000000000000, -120.0000000000000000 ) ) ;
#1403 = ORIENTED_EDGE ( 'NONE', *, *, #1215, .T. ) ;
#1404 = VERTEX_POINT ( 'NONE', #956 ) ;
#1405 = VECTOR ( 'NONE', #814, 1000.000000000000000 ) ;
#1406 = ORIENTED_EDGE ( 'NONE', *, *, #509, .F. ) ;
#1407 = FACE_OUTER_BOUND ( 'NONE', #980, .T. ) ;
#1408 = LINE ( 'NONE', #377, #1166 ) ;
#1409 = ORIENTED_EDGE ( 'NONE', *, *, #1413, .T. ) ;
#1410 = EDGE_CURVE ( 'NONE', #567, #268, #1070, .T. ) ;
#1411 = ORIENTED_EDGE ( 'NONE', *, *, #5, .F. ) ;
#1412 = LINE ( 'NONE', #1101, #1134 ) ;
#1413 = EDGE_CURVE ( 'NONE', #370, #1069, #874, .T. ) ;
#1414 = ORIENTED_EDGE ( 'NONE', *, *, #1172, .T. ) ;
#1415 = DIRECTION ( 'NONE',  ( 1.000000000000000000, 0.000000000000000000, -2.055968564120660023E-16 ) ) ;
#1416 = CARTESIAN_POINT ( 'NONE',  ( 39.99999999999992895, 11.29437251522846708, -140.0000000000000000 ) ) ;
#1417 = CARTESIAN_POINT ( 'NONE',  ( 5.000000000000000000, 186.0000000000000000, -262.3999999999999773 ) ) ;
#1418 = FACE_OUTER_BOUND ( 'NONE', #422, .T. ) ;
#1419 = EDGE_LOOP ( 'NONE', ( #281, #862, #264, #712 ) ) ;
#1420 = AXIS2_PLACEMENT_3D ( 'NONE', #1354, #692, #909 ) ;
#1421 = VECTOR ( 'NONE', #882, 1000.000000000000000 ) ;
#1422 = ORIENTED_EDGE ( 'NONE', *, *, #1169, .T. ) ;
#1423 = EDGE_LOOP ( 'NONE', ( #1275, #1130, #96, #1142 ) ) ;
#1424 = CARTESIAN_POINT ( 'NONE',  ( 249.9999999999999147, 45.00000000000000000, -255.0000000000000000 ) ) ;
#1425 = CARTESIAN_POINT ( 'NONE',  ( 39.99999999999995737, 180.9999999999999432, -20.00000000000000000 ) ) ;
#1426 = VECTOR ( 'NONE', #586, 1000.000000000000000 ) ;
#1427 = VERTEX_POINT ( 'NONE', #72 ) ;
#1428 = VERTEX_POINT ( 'NONE', #186 ) ;
#1429 = CARTESIAN_POINT ( 'NONE',  ( 249.9999999999999432, 45.00000000000000000, -120.0000000000000000 ) ) ;
#1430 = DIRECTION ( 'NONE',  ( -1.000000000000000000, 0.000000000000000000, 2.312964634635742957E-16 ) ) ;
#1431 = ADVANCED_FACE ( 'NONE', ( #1180 ), #760, .T. ) ;
#1432 = PRODUCT_CONTEXT ( 'NONE', #1053, 'mechanical' ) ;
#1433 = VECTOR ( 'NONE', #1082, 1000.000000000000000 ) ;
#1434 = EDGE_CURVE ( 'NONE', #498, #1404, #62, .T. ) ;
#1435 = AXIS2_PLACEMENT_3D ( 'NONE', #983, #1216, #213 ) ;
#1436 = ORIENTED_EDGE ( 'NONE', *, *, #152, .F. ) ;
#1437 = EDGE_CURVE ( 'NONE', #90, #293, #657, .T. ) ;
#1438 = EDGE_CURVE ( 'NONE', #76, #1199, #193, .T. ) ;
#1439 = ORIENTED_EDGE ( 'NONE', *, *, #1325, .T. ) ;
#1440 = DIRECTION ( 'NONE',  ( -0.000000000000000000, 0.000000000000000000, 1.000000000000000000 ) ) ;
#1441 = CARTESIAN_POINT ( 'NONE',  ( 142.3000000000000398, 186.0000000000000000, -353.0000000000000000 ) ) ;
#1442 = DIRECTION ( 'NONE',  ( 0.000000000000000000, 0.000000000000000000, 1.000000000000000000 ) ) ;
#1443 = VERTEX_POINT ( 'NONE', #1317 ) ;
#1444 = VECTOR ( 'NONE', #113, 1000.000000000000000 ) ;
#1445 = CARTESIAN_POINT ( 'NONE',  ( 234.9999999999999716, 45.00000000000000000, -120.0000000000000000 ) ) ;
#1446 = DIRECTION ( 'NONE',  ( 0.000000000000000000, 0.000000000000000000, 1.000000000000000000 ) ) ;
#1447 = CARTESIAN_POINT ( 'NONE',  ( 0.000000000000000000, 0.000000000000000000, -358.0000000000000000 ) ) ;
#1448 = DIRECTION ( 'NONE',  ( 1.000000000000000000, 0.000000000000000000, -4.625929269271485914E-16 ) ) ;
#1449 = CYLINDRICAL_SURFACE ( 'NONE', #320, 43.10000000000000142 ) ;
#1450 = VERTEX_POINT ( 'NONE', #519 ) ;
#1451 = DIRECTION ( 'NONE',  ( 0.000000000000000000, 0.000000000000000000, 1.000000000000000000 ) ) ;
ENDSEC;
END-ISO-10303-21;
